Age,Sex,Sleep quality,Reliability,Psychoticism,Nervousness,Character
28,0,1,36.62,15,63.91,50.34
53,0,2,36.05,62.95,66.81,51.02
26,0,2,64.79,4,75.15,48.05
61,0,3,33.55,54.59,63.85,28.18
75,0,1,36.89,62.11,77.36,37.41
34,0,0,54.94,45.68,26.59,50.12
62,0,3,50.27,58.35,79.62,55.89
27,0,1,33.8,9,68.4,61.81
43,0,3,45.31,60.84,81.16,34.79
38,0,3,32.6,60.88,67.78,50.12
47,0,3,50.93,44.71,60.06,45.34
69,0,3,56.96,54.59,41.33,51.27
31,0,2,33.8,11,70.65,43.46
65,0,3,53.61,43.31,72.86,44.34
61,0,1,58.46,38.34,52.01,41.27
54,0,3,58.46,41.42,45.67,72.98
39,0,3,29.8,48.72,42.61,47.71
63,0,3,36.89,47.07,48.09,46.65
26,0,2,28.17,4,75.15,38.88
49,0,2,56.54,47.94,38.97,51.67
26,0,3,33.8,3,70.65,50.34
41,0,3,57.74,39.6,51.76,59.78
41,0,3,32.6,42.64,49.47,59.78
42,0,3,42.5,76.97,60.06,58
64,0,2,43.58,39.55,54.84,44.34
59,0,3,41.65,29.11,49.89,63.22
63,0,3,56.96,43.31,66.1,37.41
80,0,3,56.96,39.55,59.35,35.1
32,0,2,43.77,42.64,40.32,33.21
65,0,2,46.92,47.07,54.84,42.03
62,0,2,23.51,58.35,54.84,67.44
23,0,1,45.07,5,59.42,57.22
28,0,3,59.15,3,57.17,36.58
38,0,3,57.74,39.6,56.34,45.29
40,0,1,40.98,45.68,56.34,54.95
34,0,2,54.94,57.84,70.07,45.29
28,0,2,45.07,2,66.16,38.88
48,0,3,25.65,60.84,53.73,43.23
37,0,3,46.56,36.57,65.49,47.71
64,0,3,53.61,43.31,45.83,65.13
29,0,3,33.8,4,59.42,45.76
64,0,3,60.3,35.79,59.35,42.03
36,0,3,40.98,63.92,44.9,54.95
66,0,0,36.89,43.31,39.08,72.06
38,0,1,43.77,60.88,63.2,38.04
37,0,2,35.39,45.68,79.22,33.21
22,0,2,36.62,6,66.16,66.4
50,0,2,56.54,35.03,60.06,45.34
25,0,2,50.7,4,77.39,32
33,0,2,46.56,48.72,56.34,52.54
19,0,2,40.47,42.66,69.55,59.4
60,0,2,60.3,47.07,34.57,48.96
51,0,2,52.86,38.34,68.92,41.27
39,0,3,24.22,63.92,72.36,42.87
44,0,3,36.88,54.39,66.39,49.56
43,0,3,34.07,60.84,76.94,66.43
57,0,3,47.25,44.49,66.81,53.46
59,0,1,64.06,44.49,32.98,53.46
27,0,3,42.25,9,63.91,52.64
52,0,3,50.06,47.57,54.12,55.9
31,0,2,59.15,5,41.44,48.05
35,0,1,49.36,57.84,76.93,52.54
75,0,2,56.96,35.79,45.83,51.27
35,0,2,29.8,42.64,44.9,35.63
27,0,0,33.8,7,63.91,36.58
37,0,2,43.77,60.88,67.78,45.29
46,0,3,31.26,51.16,53.73,58
29,0,2,56.34,13,63.91,64.11
33,0,2,49.36,42.64,35.74,57.37
54,0,3,58.46,38.34,68.92,65.66
36,0,1,60.53,45.68,38.03,54.95
41,0,2,40.98,39.6,79.22,42.87
54,0,2,44.45,38.34,56.24,36.39
52,0,3,47.25,50.65,64.69,51.02
51,0,2,36.05,38.34,45.67,38.83
56,0,3,55.66,41.42,43.55,36.39
44,0,3,36.88,73.74,79.05,45.34
32,0,2,46.56,45.68,72.36,50.12
66,0,3,66.99,54.59,41.33,67.44
62,0,3,43.58,50.83,59.35,62.82
71,0,2,30.2,58.35,66.1,55.89
32,0,2,40.98,33.53,74.65,40.46
48,0,3,39.69,41.48,38.97,36.9
21,0,3,47.84,50.58,65.1,34.27
40,0,1,52.15,33.53,26.59,67.03
19,0,2,47.84,40.03,76.24,36.78
66,0,3,63.65,35.79,68.36,37.41
73,0,3,53.61,32.03,68.36,35.1
36,0,3,46.56,36.57,47.19,47.71
36,0,3,29.8,66.96,74.65,64.61
59,0,2,30.45,56.8,75.26,51.02
43,0,2,45.31,54.39,72.72,36.9
24,0,2,56.34,6,48.18,29.7
45,0,3,31.26,44.71,74.83,43.23
82,0,1,56.96,47.07,50.34,35.1
67,0,3,36.89,43.31,48.09,65.13
45,0,2,45.31,57.61,51.62,62.22
51,0,3,50.93,44.71,51.62,36.9
23,0,2,61.97,4,36.94,36.58
85,0,3,63.65,32.03,48.09,69.75
72,0,2,56.96,43.31,39.08,65.13
57,0,3,47.25,44.49,58.35,65.66
36,0,2,52.15,42.64,49.47,50.12
47,0,1,53.74,35.03,60.06,43.23
21,0,1,50.29,37.39,53.96,31.76
40,0,1,31.26,44.71,70.61,55.89
39,0,3,52.15,33.53,28.88,64.61
54,0,3,50.06,53.72,45.67,46.15
63,0,2,53.61,65.86,39.08,30.48
35,0,2,29.8,42.64,67.78,54.95
37,0,3,38.18,54.8,67.78,64.61
27,0,1,50.7,1,48.18,61.81
41,0,2,38.18,66.96,63.2,33.21
61,0,1,52.86,38.34,68.92,29.07
61,0,1,60.3,43.31,54.84,39.72
44,0,2,31.26,47.94,62.17,51.67
19,0,1,55.21,45.3,62.87,39.3
22,0,3,33.8,7,59.42,34.29
41,0,2,54.94,42.64,51.76,52.54
49,0,3,25.65,57.61,79.05,39.01
28,0,2,39.44,9,59.42,34.29
60,0,3,50.06,44.49,73.15,53.46
48,0,3,56.54,47.94,76.94,43.23
22,0,2,45.07,1,66.16,29.7
43,0,1,39.69,44.71,38.97,64.32
21,0,1,47.84,45.3,56.19,56.88
50,0,3,62.16,38.26,62.17,45.34
50,0,2,53.74,35.03,47.41,64.32
53,0,1,52.86,32.18,52.01,38.83
56,0,3,38.85,53.72,54.12,65.66
40,0,3,64.97,41.48,51.62,47.45
34,0,2,46.56,39.6,35.74,57.37
40,0,3,42.5,64.06,53.73,60.11
52,0,2,38.85,38.34,45.67,60.78
45,0,2,42.5,54.39,76.94,47.45
53,0,3,50.06,47.57,68.92,46.15
45,0,3,50.93,51.16,64.28,51.67
53,0,3,27.65,56.8,73.15,36.39
46,0,1,59.35,31.81,53.73,47.45
61,0,3,46.92,43.31,43.58,72.06
53,0,3,50.06,35.26,64.69,51.02
39,0,2,38.18,54.8,47.19,64.61
52,0,2,66.86,35.26,43.55,65.66
26,0,2,53.52,4,75.15,38.88
31,0,2,49.36,33.53,58.63,50.12
45,0,1,31.26,38.26,32.64,68.54
59,0,1,55.66,53.72,68.92,38.83
50,0,2,47.25,38.34,58.35,51.02
60,0,2,38.85,53.72,68.92,41.27
50,0,2,55.66,38.34,54.12,55.9
33,0,1,63.32,39.6,26.59,76.69
67,0,0,50.27,54.59,43.58,32.79
42,0,3,39.69,41.48,70.61,32.68
33,0,1,38.18,66.96,74.65,42.87
57,0,3,44.45,47.57,66.81,31.51
27,0,3,42.25,1,68.4,32
31,0,1,35.39,54.8,70.07,38.04
41,0,1,46.56,57.84,56.34,30.8
38,0,2,46.56,42.64,60.92,67.03
58,0,1,52.86,50.65,35.1,41.27
19,0,2,45.38,45.3,47.28,51.86
63,0,2,53.61,43.31,50.34,42.03
25,0,1,45.07,2,61.66,48.05
23,0,1,56.34,7,43.69,41.17
51,0,2,38.85,50.65,62.58,43.71
18,0,3,52.75,29.47,62.87,36.78
25,0,1,56.34,1,72.9,41.17
53,0,3,66.86,32.18,54.12,60.78
82,0,3,53.61,47.07,63.85,35.1
40,0,1,62.16,38.26,45.3,53.78
37,0,2,40.98,39.6,35.74,52.54
27,0,2,25.35,11,77.39,27.41
24,0,2,42.25,4,68.4,57.22
38,0,3,57.74,36.57,76.93,33.21
27,0,2,56.34,4,61.66,41.17
64,0,3,56.96,43.31,43.58,46.65
80,0,1,53.61,39.55,72.86,37.41
22,0,0,59.15,1,36.94,61.81
39,0,3,46.56,54.8,63.2,47.71
49,0,2,64.97,38.26,76.94,47.45
26,0,1,42.25,6,41.44,38.88
55,0,1,61.26,41.42,45.67,70.54
22,0,2,56.34,7,79.64,32
23,0,1,53.52,2,48.18,45.76
26,0,0,50.7,4,34.7,57.22
28,0,2,53.52,9,72.9,34.29
60,0,3,52.86,41.42,64.69,38.83
56,0,3,58.46,47.57,45.67,43.71
51,0,1,64.97,35.03,51.62,43.23
26,0,1,50.7,3,63.91,38.88
50,0,0,59.35,44.71,43.19,45.34
30,0,2,30.99,5,66.16,41.17
23,0,2,33.8,4,66.16,59.52
44,0,3,45.31,38.26,66.39,34.79
54,0,3,58.46,50.65,39.32,36.39
52,0,3,45.31,54.39,64.28,41.12
38,0,2,46.56,39.6,58.63,35.63
24,0,3,33.8,4,75.15,59.52
33,0,2,52.15,33.53,60.92,38.04
40,0,3,48.12,41.48,72.72,34.79
27,0,2,45.07,9,68.4,59.52
23,0,1,47.89,6,66.16,34.29
34,0,2,52.15,36.57,65.49,30.8
34,0,2,63.32,39.6,40.32,45.29
49,0,2,50.93,41.48,70.61,36.9
48,0,2,42.5,38.26,51.62,45.34
29,0,3,39.44,6,57.17,52.64
22,0,2,30.99,10,79.64,68.69
65,0,2,56.96,32.03,61.6,58.2
47,0,2,42.5,47.94,51.62,47.45
38,0,2,52.15,36.57,65.49,38.04
46,0,3,31.26,44.71,74.83,32.68
21,0,1,55.21,42.66,69.55,26.73
53,0,2,47.25,41.42,68.92,43.71
38,0,3,60.53,36.57,70.07,59.78
44,0,3,50.93,38.26,62.17,34.79
32,0,2,49.36,63.92,74.65,47.71
50,0,2,25.65,64.06,43.19,45.34
59,0,2,47.25,41.42,41.44,55.9
18,0,1,60.12,37.39,53.96,39.3
64,0,3,56.96,47.07,70.61,60.51
19,0,2,50.29,50.58,65.1,34.27
38,0,3,35.39,51.76,74.65,42.87
69,0,1,50.27,47.07,72.86,44.34
29,0,3,39.44,8,75.15,43.46
59,0,2,36.05,53.72,64.69,65.66
56,0,1,55.66,38.34,62.58,46.15
59,0,2,61.26,53.72,32.98,46.15
20,0,2,33.1,69.05,76.24,31.76
41,0,2,46.56,42.64,54.05,45.29
46,0,3,31.26,60.84,60.06,43.23
36,0,3,49.36,33.53,56.34,47.71
47,0,3,62.16,35.03,60.06,36.9
23,0,3,47.89,6,72.9,29.7
52,0,3,55.66,44.49,66.81,31.51
34,0,3,57.74,42.64,58.63,64.61
25,0,2,50.7,6,59.42,34.29
22,0,3,42.25,7,63.91,50.34
58,0,2,55.66,41.42,56.24,38.83
32,0,1,54.94,36.57,58.63,38.04
31,0,1,56.34,6,27.96,45.76
67,0,3,63.65,62.11,52.59,55.89
32,0,2,40.98,39.6,40.32,40.46
33,0,3,32.6,57.84,65.49,71.86
27,0,2,45.07,5,75.15,36.58
21,0,2,50.7,6,77.39,61.81
21,0,2,38.01,63.77,71.78,51.86
55,0,2,52.86,59.88,47.78,53.46
55,0,3,41.65,47.57,73.15,46.15
42,0,3,59.35,47.94,74.83,43.23
59,0,2,41.65,69.11,45.67,53.46
57,0,1,36.05,56.8,71.04,53.46
34,0,2,43.77,42.64,63.2,59.78
42,0,3,48.12,51.16,79.05,34.79
41,0,3,53.74,51.16,76.94,39.01
24,0,2,36.62,5,79.64,32
46,0,2,28.46,28.58,51.62,49.56
44,0,3,45.31,47.94,60.06,34.79
35,0,2,46.56,45.68,28.88,57.37
47,0,1,62.16,41.48,76.94,49.56
39,0,0,38.18,48.72,63.2,42.87
36,0,2,24.22,51.76,65.49,52.54
51,0,2,39.69,47.94,64.28,36.9
22,0,2,33.8,5,68.4,52.64
31,0,2,54.94,51.76,51.76,71.86
25,0,1,45.07,10,54.92,43.46
24,0,2,47.89,6,72.9,41.17
27,0,2,53.52,4,59.42,54.93
34,0,1,52.15,42.64,38.03,42.87
38,0,1,57.74,36.57,51.76,33.21
71,0,2,63.65,39.55,54.84,55.89
60,0,1,56.96,39.55,50.34,46.65
45,0,2,20.03,51.16,74.83,47.45
23,0,1,42.25,8,54.92,61.81
31,0,2,35.39,39.6,65.49,35.63
42,0,3,34.07,47.94,72.72,53.78
36,0,2,49.36,51.76,60.92,54.95
35,0,2,32.6,45.68,56.34,42.87
37,0,2,46.56,45.68,44.9,40.46
77,0,2,60.3,43.31,52.59,32.79
19,0,3,28.18,74.33,74.01,46.83
18,0,2,40.47,47.94,74.01,41.81
29,0,1,47.89,2,50.43,57.22
42,0,3,53.74,28.58,55.84,55.89
64,0,0,30.2,58.35,63.85,65.13
67,0,0,16.82,73.38,84.12,69.75
46,0,2,45.31,54.39,55.84,51.67
19,0,2,38.01,42.66,42.83,36.78
69,0,0,60.3,35.79,43.58,39.72
30,0,2,36.62,5,59.42,54.93
38,0,2,49.36,39.6,44.9,54.95
62,0,3,56.96,43.31,57.09,62.82
53,0,3,61.26,50.65,32.98,29.07
24,0,2,28.17,8,59.42,48.05
34,0,2,29.8,60.88,67.78,28.38
32,0,1,46.56,45.68,72.36,38.04
47,0,2,59.35,35.03,64.28,53.78
58,0,3,33.25,62.95,73.15,31.51
33,0,3,49.36,36.57,54.05,42.87
25,0,1,47.89,6,68.4,52.64
18,0,2,33.1,53.22,71.78,24.22
53,0,1,36.05,44.49,54.12,65.66
25,0,2,56.34,4,68.4,34.29
40,0,3,43.77,48.72,49.47,59.78
27,0,3,45.07,7,79.64,38.88
67,0,3,50.27,50.83,68.36,42.03
65,0,3,56.96,47.07,48.09,28.18
35,0,2,52.15,45.68,42.61,42.87
27,0,3,45.07,7,70.65,61.81
45,0,1,36.88,47.94,74.83,47.45
24,0,1,53.52,3,43.69,48.05
82,0,1,63.65,32.03,41.33,51.27
53,0,3,52.86,62.95,30.87,38.83
46,0,3,45.31,67.29,34.75,45.34
55,0,2,33.25,41.42,56.24,63.22
44,0,1,62.16,41.48,34.75,45.34
38,0,2,38.18,60.88,65.49,45.29
43,0,1,20.03,60.84,66.39,53.78
42,0,1,62.16,38.26,47.41,45.34
60,0,1,66.86,38.34,68.92,29.07
20,0,3,52.75,34.75,49.51,59.4
75,0,1,53.61,35.79,52.59,32.79
46,0,1,50.93,41.48,60.06,51.67
38,0,3,46.56,36.57,51.76,42.87
30,0,1,49.36,39.6,38.03,38.04
29,0,2,30.99,6,72.9,48.05
32,0,2,49.36,45.68,70.07,35.63
29,0,2,45.07,4,68.4,34.29
41,0,1,48.12,54.39,68.5,36.9
36,0,2,46.56,45.68,60.92,59.78
28,0,2,47.89,4,59.42,38.88
39,0,2,38.18,48.72,65.49,40.46
68,0,1,43.58,39.55,59.35,39.72
23,0,2,56.34,2,68.4,34.29
41,0,3,45.31,51.16,76.94,30.57
45,0,1,48.12,57.61,57.95,41.12
55,0,2,22.04,47.57,41.44,72.98
57,0,2,44.45,62.95,60.47,51.02
38,0,0,43.77,36.57,49.47,57.37
83,0,3,66.99,43.31,45.83,30.48
57,0,2,55.66,35.26,66.81,51.02
52,0,1,52.86,44.49,49.89,46.15
17,0,1,50.29,34.75,67.33,29.25
40,0,2,46.56,54.8,72.36,40.46
37,0,1,66.12,36.57,28.88,47.71
38,0,3,38.18,33.53,44.9,54.95
33,0,2,46.56,42.64,51.76,38.04
55,0,0,58.46,35.26,56.24,53.46
31,0,2,47.89,5,79.64,41.17
27,0,1,53.52,6,66.16,29.7
37,0,2,29.8,57.84,79.22,57.37
64,0,3,50.27,32.03,70.61,35.1
22,0,1,36.62,7,68.4,36.58
44,0,3,39.69,38.26,66.39,32.68
48,0,3,56.54,47.94,60.06,47.45
30,0,2,45.07,9,77.39,32
32,0,0,40.98,39.6,51.76,64.61
70,0,2,43.58,43.31,34.57,42.03
53,0,3,52.86,66.03,28.75,41.27
36,0,1,32.6,48.72,70.07,33.21
25,0,3,45.07,6,61.66,48.05
36,0,3,27.01,60.88,74.65,71.86
35,0,2,40.98,39.6,58.63,71.86
25,0,0,50.7,5,36.94,38.88
25,0,3,42.25,8,59.42,34.29
43,0,3,53.74,44.71,70.61,39.01
72,0,0,63.65,43.31,61.6,58.2
59,0,3,44.45,41.42,60.47,43.71
54,0,0,55.66,47.57,35.1,43.71
74,0,3,63.65,50.83,39.08,53.58
32,0,1,43.77,36.57,63.2,40.46
59,0,2,52.86,32.18,52.01,36.39
63,0,3,56.96,39.55,36.82,42.03
39,0,2,43.77,51.76,72.36,40.46
39,0,3,57.74,33.53,58.63,59.78
47,0,1,42.5,51.16,47.41,39.01
35,0,2,57.74,45.68,40.32,35.63
40,0,3,35.39,79.12,72.36,30.8
54,0,3,58.46,50.65,68.92,36.39
26,0,3,45.07,1,70.65,45.76
49,0,3,45.31,41.48,70.61,41.12
36,0,3,54.94,51.76,49.47,30.8
27,0,3,28.17,8,77.39,43.46
33,0,2,46.56,33.53,33.46,59.78
36,0,1,32.6,30.49,54.05,42.87
35,0,1,63.32,48.72,56.34,54.95
81,0,2,60.3,35.79,54.84,65.13
50,0,2,56.54,51.16,49.51,39.01
71,0,2,60.3,47.07,63.85,46.65
61,0,2,6.79,69.62,77.36,32.79
28,0,2,30.99,12,70.65,48.05
33,0,3,46.56,60.88,47.19,45.29
28,0,2,36.62,9,72.9,34.29
36,0,2,32.6,48.72,70.07,30.8
27,0,2,67.61,0,75.15,32
66,0,2,53.61,58.35,59.35,48.96
31,0,3,53.52,4,70.65,32
39,0,3,38.18,39.6,60.92,59.78
31,0,3,43.77,36.57,70.07,45.29
65,0,3,30.2,50.83,81.87,46.65
50,0,3,50.93,41.48,53.73,49.56
22,0,3,36.62,11,45.93,52.64
35,0,1,32.6,45.68,72.36,50.12
20,0,3,42.92,47.94,76.24,36.78
23,0,3,50.7,3,70.65,50.34
60,0,2,20.17,73.38,79.62,67.44
25,0,3,67.61,9,63.91,52.64
16,0,2,35.55,61.13,71.78,39.3
32,0,1,49.36,45.68,47.19,50.12
52,0,3,36.05,62.95,73.15,48.59
60,0,3,44.45,50.65,45.67,58.34
36,0,3,43.77,45.68,40.32,52.54
70,0,1,50.27,58.35,77.36,35.1
66,0,1,63.65,28.27,68.36,55.89
33,0,2,46.56,45.68,58.63,38.04
52,0,2,50.06,32.18,47.78,77.85
40,0,3,49.36,57.84,70.07,54.95
78,0,3,46.92,65.86,45.83,35.1
55,0,1,41.65,50.65,60.47,43.71
42,0,3,28.46,44.71,66.39,45.34
38,0,3,43.77,51.76,44.9,30.8
51,0,2,61.26,44.49,52.01,55.9
26,0,3,42.25,8,77.39,36.58
54,0,3,55.66,44.49,66.81,43.71
32,0,3,40.98,33.53,65.49,52.54
35,0,3,43.77,51.76,72.36,38.04
39,0,2,32.6,51.76,72.36,64.61
43,0,3,59.35,35.03,51.62,36.9
59,0,2,41.65,50.65,52.01,31.51
64,0,3,43.58,54.59,75.11,53.58
76,0,3,43.58,50.83,68.36,32.79
28,0,3,39.44,11,75.15,38.88
30,0,2,47.89,9,48.18,64.11
81,0,2,56.96,43.31,52.59,60.51
36,0,3,52.15,51.76,60.92,54.95
63,0,2,53.61,39.55,57.09,39.72
64,0,3,53.61,43.31,75.11,32.79
18,0,0,57.67,37.39,45.06,71.96
43,0,2,53.74,38.26,34.75,39.01
46,0,2,64.97,38.26,64.28,47.45
32,0,2,52.15,42.64,47.19,45.29
48,0,3,31.26,54.39,60.06,53.78
43,0,2,42.5,38.26,43.19,58
64,0,2,53.61,47.07,36.82,53.58
37,0,2,49.36,48.72,49.47,57.37
37,0,3,63.32,42.64,35.74,42.87
72,0,0,40.23,54.59,61.6,39.72
67,0,3,60.3,43.31,70.61,44.34
30,0,1,53.52,1,72.9,32
42,0,3,42.5,44.71,64.28,53.78
34,0,2,49.36,36.57,33.46,62.2
50,0,1,56.54,60.84,72.72,51.67
31,0,3,43.77,48.72,60.92,47.71
26,0,3,45.07,9,77.39,34.29
45,0,1,48.12,47.94,68.5,34.79
50,0,3,58.46,29.11,56.24,58.34
48,0,3,62.16,38.26,49.51,51.67
41,0,3,48.12,38.26,66.39,45.34
66,0,3,66.99,32.03,39.08,48.96
39,0,3,57.74,42.64,42.61,40.46
22,0,2,36.62,6,72.9,43.46
53,0,3,47.25,47.57,73.15,38.83
26,0,2,33.8,6,77.39,38.88
64,0,1,46.92,35.79,43.58,37.41
37,0,1,32.6,39.6,44.9,62.2
71,0,2,60.3,43.31,72.86,30.48
35,0,3,38.18,48.72,63.2,59.78
28,0,2,56.34,1,63.91,54.93
27,0,1,42.25,4,66.16,38.88
30,0,1,56.34,5,36.94,48.05
46,0,2,25.65,64.06,74.83,66.43
44,0,2,45.31,44.71,74.83,43.23
72,0,3,63.65,47.07,48.09,53.58
19,0,1,52.75,40.03,49.51,56.88
44,0,2,22.84,47.94,64.28,34.79
33,0,2,38.18,48.72,63.2,28.38
32,0,3,32.6,48.72,67.78,42.87
51,0,3,33.25,56.8,77.38,38.83
44,0,1,62.16,35.03,62.17,36.9
46,0,3,56.54,38.26,53.73,39.01
75,0,3,46.92,54.59,68.36,35.1
47,0,3,50.93,47.94,68.5,49.56
22,0,2,28.17,6,54.92,34.29
29,0,2,53.52,9,59.42,45.76
70,0,3,40.23,54.59,57.09,30.48
20,0,0,33.1,42.66,51.74,59.4
33,0,0,40.98,39.6,35.74,67.03
26,0,2,59.15,4,45.93,52.64
28,0,3,33.8,16,77.39,29.7
26,0,1,36.62,6,70.65,36.58
35,0,2,43.77,33.53,51.76,47.71
22,0,0,39.44,5,39.19,57.22
46,0,2,22.84,51.16,81.16,30.57
40,0,1,52.15,36.57,51.76,57.37
44,0,2,50.93,57.61,41.08,41.12
26,0,2,39.44,4,36.94,59.52
35,0,1,63.32,36.57,60.92,59.78
40,0,2,21.42,76.08,63.2,35.63
29,0,1,36.62,3,63.91,29.7
34,0,3,46.56,48.72,79.22,33.21
61,0,3,38.85,41.42,62.58,41.27
58,0,1,64.06,47.57,37.21,63.22
37,0,2,46.56,45.68,79.22,45.29
38,0,2,40.98,45.68,63.2,35.63
27,0,1,25.35,10,59.42,32
31,0,2,36.62,4,52.67,41.17
23,0,1,45.07,4,68.4,48.05
22,0,3,39.44,11,77.39,52.64
28,0,3,30.99,11,68.4,57.22
55,0,1,50.06,41.42,58.35,43.71
47,0,3,42.5,41.48,55.84,45.34
26,0,1,30.99,11,77.39,50.34
72,0,3,56.96,35.79,77.36,37.41
43,0,2,45.31,38.26,45.3,68.54
54,0,0,55.66,41.42,54.12,46.15
22,0,3,39.44,11,61.66,27.41
71,0,0,16.82,73.38,84.12,69.75
38,0,2,43.77,39.6,60.92,67.03
53,0,1,44.45,44.49,45.67,58.34
26,0,2,53.52,9,79.64,52.64
46,0,1,34.07,44.71,53.73,58
44,0,2,59.35,38.26,47.41,55.89
33,0,1,52.15,51.76,65.49,42.87
35,0,2,40.98,54.8,67.78,30.8
36,0,3,38.18,54.8,74.65,69.44
40,0,2,52.15,36.57,65.49,57.37
29,0,3,61.97,3,59.42,45.76
26,0,2,45.07,8,57.17,66.4
64,0,1,56.96,47.07,68.36,30.48
56,0,2,58.46,38.34,32.98,48.59
86,0,2,63.65,47.07,45.83,35.1
63,0,2,60.3,39.55,61.6,30.48
32,0,3,38.18,54.8,76.93,35.63
39,0,3,49.36,39.6,31.17,67.03
73,0,2,56.96,58.35,36.82,30.48
46,0,3,59.35,47.94,60.06,55.89
68,0,2,16.82,80.9,68.36,37.41
32,0,2,52.15,36.57,56.34,62.2
57,0,3,44.45,44.49,54.12,58.34
50,0,2,36.88,47.94,62.17,64.32
22,0,1,47.89,4,72.9,38.88
53,0,3,58.46,41.42,79.49,53.46
26,0,2,59.15,5,54.92,41.17
28,0,2,53.52,7,77.39,27.41
31,0,2,43.77,27.45,67.78,30.8
19,0,3,40.47,47.94,62.87,54.37
37,0,3,52.15,39.6,58.63,45.29
44,0,2,50.93,38.26,47.41,47.45
44,0,3,42.5,54.39,70.61,43.23
48,0,1,48.12,44.71,43.19,45.34
29,0,3,53.52,12,79.64,32
24,0,2,42.25,6,68.4,36.58
72,0,2,40.23,69.62,70.61,72.06
56,0,3,61.26,38.34,62.58,36.39
41,0,2,25.65,57.61,66.39,45.34
36,0,3,43.77,48.72,70.07,59.78
62,0,3,46.92,35.79,72.86,30.48
19,0,3,52.75,37.39,67.33,21.71
33,0,2,54.94,42.64,63.2,42.87
52,0,2,30.45,35.26,47.78,51.02
17,0,2,45.38,40.03,45.06,54.37
68,0,3,56.96,69.62,63.85,35.1
46,0,3,62.16,38.26,64.28,45.34
44,0,3,53.74,38.26,43.19,43.23
38,0,3,24.22,51.76,74.65,52.54
42,0,2,42.5,41.48,72.72,34.79
83,0,3,60.3,39.55,39.08,42.03
69,0,3,56.96,47.07,32.32,48.96
31,0,2,43.77,33.53,67.78,35.63
32,0,1,40.98,51.76,58.63,38.04
23,0,1,53.52,3,66.16,27.41
30,0,2,27.01,33.53,51.76,47.71
30,0,2,42.25,8,66.16,45.76
35,0,3,46.56,60.88,74.65,40.46
70,0,3,46.92,47.07,48.09,35.1
57,0,3,55.66,50.65,64.69,51.02
74,0,1,56.96,47.07,70.61,35.1
63,0,2,56.96,43.31,43.58,44.34
29,0,1,33.8,6,66.16,45.76
34,0,3,27.01,57.84,72.36,38.04
63,0,3,46.92,54.59,45.83,51.27
49,0,0,56.54,54.39,45.3,41.12
52,0,3,58.46,35.26,64.69,29.07
60,0,3,30.45,59.88,73.15,65.66
50,0,2,38.85,41.42,71.04,58.34
35,0,2,46.56,66.96,65.49,62.2
35,0,2,46.56,48.72,54.05,38.04
24,0,3,45.07,4,63.91,45.76
44,0,3,20.03,51.16,81.16,39.01
26,0,1,59.15,9,34.7,34.29
69,0,3,10.13,65.86,75.11,46.65
32,0,3,35.39,45.68,49.47,35.63
39,0,1,40.98,54.8,79.22,40.46
44,0,3,34.07,51.16,74.83,58
31,0,2,33.8,10,61.66,57.22
44,0,2,56.54,44.71,47.41,43.23
30,0,2,36.62,2,63.91,50.34
55,0,3,52.86,44.49,56.24,51.02
33,0,1,49.36,45.68,28.88,54.95
47,0,3,56.54,28.58,45.3,51.67
52,0,1,64.06,41.42,64.69,43.71
39,0,1,38.18,54.8,72.36,52.54
57,0,1,55.66,59.88,32.98,43.71
57,0,3,61.26,44.49,35.1,51.02
65,0,3,60.3,50.83,50.34,35.1
61,0,1,56.96,32.03,70.61,46.65
40,0,2,57.74,30.49,72.36,30.8
38,0,2,40.98,42.64,54.05,50.12
51,0,2,64.06,50.65,73.15,58.34
27,0,2,59.15,8,57.17,36.58
33,0,2,35.39,57.84,76.93,47.71
71,0,2,33.55,54.59,75.11,69.75
30,0,3,35.39,54.8,79.22,62.2
40,0,3,32.6,51.76,65.49,47.71
46,0,3,42.5,47.94,76.94,41.12
36,0,1,46.56,45.68,38.03,40.46
45,0,3,36.88,31.81,53.73,53.78
69,0,2,60.3,28.27,43.58,69.75
50,0,2,41.65,50.65,56.24,65.66
69,0,1,43.58,47.07,59.35,53.58
31,0,2,43.77,60.88,70.07,30.8
47,0,1,50.93,51.16,64.28,34.79
26,0,2,30.99,9,59.42,50.34
32,0,1,46.56,48.72,67.78,52.54
50,0,2,67.78,35.03,51.62,47.45
43,0,1,45.31,54.39,53.73,41.12
27,0,1,56.34,3,48.18,45.76
61,0,2,30.2,35.79,59.35,39.72
49,0,3,36.88,47.94,49.51,36.9
53,0,2,55.66,38.34,37.21,53.46
63,0,3,50.27,39.55,41.33,37.41
73,0,2,63.65,43.31,59.35,48.96
79,0,2,60.3,35.79,41.33,62.82
38,0,3,52.15,45.68,38.03,59.78
22,0,2,47.89,4,66.16,41.17
53,0,2,44.45,35.26,56.24,55.9
32,0,2,63.32,39.6,70.07,28.38
55,0,2,38.85,53.72,66.81,53.46
38,0,1,60.53,33.53,54.05,35.63
47,0,2,48.12,31.81,57.95,32.68
30,0,2,33.8,12,48.18,29.7
27,0,1,30.99,9,63.91,38.88
62,0,2,60.3,28.27,61.6,35.1
60,0,3,55.66,35.26,49.89,36.39
69,0,1,60.3,50.83,43.58,44.34
80,0,2,63.65,47.07,48.09,55.89
28,0,3,42.25,5,68.4,34.29
47,0,2,62.16,35.03,47.41,45.34
47,0,2,56.54,44.71,32.64,51.67
32,0,2,40.98,48.72,67.78,33.21
60,0,2,33.55,50.83,70.61,39.72
50,0,3,53.74,41.48,55.84,45.34
62,0,0,66.99,35.79,48.09,44.34
61,0,3,53.61,39.55,43.58,35.1
62,0,3,60.3,35.79,59.35,42.03
24,0,3,33.8,8,63.91,27.41
53,0,3,44.45,50.65,75.26,51.02
46,0,3,42.5,60.84,79.05,43.23
69,0,3,56.96,47.07,79.62,32.79
20,0,0,50.29,37.39,51.74,51.86
32,0,3,35.39,42.64,70.07,45.29
48,0,2,36.88,51.16,60.06,32.68
23,0,3,33.8,7,70.65,70.99
34,0,3,54.94,51.76,63.2,64.61
37,0,2,27.01,45.68,74.65,52.54
23,0,2,39.44,8,68.4,52.64
19,0,0,47.84,61.13,69.55,41.81
30,0,2,42.25,5,63.91,38.88
18,0,2,30.64,37.39,67.33,34.27
44,0,3,59.35,38.26,55.84,32.68
21,0,1,50.7,11,77.39,45.76
30,0,1,42.25,5,66.16,34.29
37,0,1,46.56,39.6,58.63,30.8
32,0,2,52.15,48.72,58.63,64.61
16,0,2,42.92,40.03,65.1,59.4
74,0,1,53.61,47.07,57.09,48.96
65,0,2,46.92,50.83,52.59,60.51
46,0,3,53.74,41.48,62.17,36.9
59,0,2,61.26,41.42,62.58,36.39
69,0,3,53.61,43.31,61.6,30.48
74,0,3,56.96,35.79,68.36,35.1
21,0,2,39.44,4,63.91,64.11
68,0,2,40.23,58.35,72.86,28.18
33,0,2,43.77,39.6,72.36,45.29
46,0,1,53.74,47.94,57.95,43.23
17,0,3,55.21,34.75,62.87,39.3
28,0,2,25.35,4,75.15,48.05
35,0,2,52.15,42.64,63.2,47.71
28,0,1,36.62,6,43.69,64.11
31,0,3,40.98,48.72,70.07,52.54
74,0,3,66.99,43.31,52.59,42.03
44,0,2,42.5,47.94,76.94,55.89
75,0,3,53.61,39.55,50.34,35.1
31,0,3,57.74,60.88,42.61,59.78
27,0,1,39.44,10,75.15,36.58
17,0,2,42.92,58.5,69.55,44.32
47,0,3,53.74,47.94,70.61,39.01
32,0,2,35.39,45.68,70.07,76.69
21,0,2,61.97,2,30.2,59.52
36,0,3,40.98,30.49,35.74,62.2
47,0,3,59.35,44.71,62.17,45.34
20,0,2,30.99,2,70.65,48.05
21,0,3,42.25,5,66.16,29.7
26,0,2,45.07,6,77.39,29.7
22,0,3,36.62,3,59.42,52.64
64,0,1,56.96,54.59,57.09,55.89
68,0,1,46.92,47.07,48.09,46.65
54,0,3,44.45,44.49,73.15,48.59
28,0,2,56.34,4,63.91,50.34
37,0,2,38.18,39.6,60.92,45.29
38,0,3,29.8,82.16,79.22,33.21
41,0,3,46.56,48.72,70.07,45.29
51,0,1,30.45,56.8,73.15,55.9
42,0,3,48.12,41.48,55.84,55.89
17,0,1,50.29,40.03,67.33,24.22
32,0,2,38.18,57.84,65.49,62.2
26,0,2,33.8,4,72.9,43.46
87,0,2,63.65,43.31,43.58,42.03
33,0,2,57.74,36.57,44.9,64.61
75,0,1,63.65,35.79,52.59,37.41
46,0,3,45.31,38.26,57.95,55.89
53,0,3,52.86,47.57,43.55,60.78
21,0,3,39.44,4,63.91,43.46
35,0,3,24.22,45.68,72.36,54.95
63,0,3,33.55,54.59,72.86,37.41
22,0,1,47.89,10,41.44,43.46
27,0,1,53.52,7,57.17,52.64
23,0,1,39.44,4,68.4,48.05
30,0,2,36.62,4,72.9,38.88
46,0,3,48.12,44.71,51.62,34.79
26,0,1,36.62,6,75.15,48.05
72,0,3,46.92,50.83,70.61,48.96
60,0,3,33.25,62.95,58.35,60.78
42,0,3,31.26,47.94,72.72,66.43
35,0,1,29.8,51.76,67.78,35.63
55,0,2,58.46,47.57,75.26,41.27
62,0,2,63.65,32.03,61.6,53.58
19,0,2,35.55,55.86,74.01,26.73
35,0,2,32.6,60.88,72.36,47.71
55,0,0,44.45,50.65,54.12,70.54
34,0,2,57.74,42.64,65.49,50.12
52,0,3,47.25,44.49,35.1,48.59
18,0,2,30.64,63.77,71.78,31.76
42,0,3,53.74,35.03,62.17,36.9
24,0,2,50.7,5,70.65,36.58
20,0,2,64.79,5,41.44,38.88
36,0,2,43.77,42.64,72.36,42.87
37,0,2,35.39,57.84,63.2,38.04
61,0,3,36.89,65.86,54.84,65.13
45,0,3,36.88,51.16,64.28,34.79
34,0,2,38.18,54.8,70.07,45.29
23,0,3,42.25,7,43.69,36.58
20,0,3,30.64,42.66,60.65,64.42
35,0,2,46.56,36.57,58.63,35.63
20,0,2,23.27,63.77,71.78,54.37
28,0,3,30.99,8,72.9,41.17
19,0,1,50.29,40.03,60.65,34.27
25,0,3,45.07,4,68.4,45.76
55,0,3,50.06,47.57,66.81,43.71
47,0,2,56.54,47.94,38.97,55.89
44,0,2,48.12,44.71,62.17,62.22
37,0,2,40.98,36.57,56.34,47.71
59,0,3,52.86,38.34,45.67,53.46
25,0,2,56.34,6,59.42,45.76
23,0,1,39.44,10,70.65,52.64
24,0,0,33.8,5,59.42,52.64
18,0,2,40.47,50.58,65.1,41.81
48,0,3,45.31,60.84,60.06,58
30,0,3,50.7,7,70.65,36.58
34,0,1,35.39,57.84,74.65,62.2
56,0,3,47.25,44.49,45.67,41.27
26,0,1,36.62,5,61.66,43.46
31,0,3,49.36,48.72,44.9,33.21
32,0,3,35.39,48.72,70.07,33.21
43,0,3,48.12,44.71,68.5,43.23
32,0,0,52.15,39.6,51.76,45.29
46,0,3,36.88,38.26,70.61,32.68
47,0,1,50.93,51.16,76.94,51.67
53,0,2,41.65,69.11,54.12,51.02
40,0,3,43.77,45.68,42.61,45.29
32,0,3,32.6,54.8,70.07,35.63
40,0,3,40.98,54.8,70.07,38.04
49,0,3,50.93,41.48,43.19,39.01
59,0,3,58.46,38.34,58.35,43.71
40,0,2,38.18,48.72,44.9,62.2
53,0,2,55.66,47.57,62.58,36.39
23,0,2,36.62,10,75.15,48.05
53,0,3,30.45,41.42,54.12,51.02
29,0,2,33.8,9,63.91,52.64
55,0,1,33.25,47.57,64.69,53.46
21,0,2,33.8,7,70.65,32
38,0,3,46.56,42.64,63.2,47.71
21,0,2,38.01,50.58,69.55,44.32
33,0,3,38.18,57.84,42.61,40.46
23,0,3,36.62,8,61.66,61.81
49,0,2,64.97,57.61,47.41,41.12
25,0,2,30.99,8,61.66,61.81
16,0,0,50.29,50.58,56.19,29.25
27,0,2,39.44,3,54.92,29.7
21,0,3,39.44,13,79.64,36.58
44,0,3,53.74,44.71,51.62,58
70,0,3,56.96,62.11,39.08,44.34
23,0,2,33.8,7,57.17,41.17
29,0,1,39.44,3,61.66,48.05
33,0,3,60.53,39.6,60.92,47.71
28,0,3,56.34,5,52.67,57.22
31,0,2,49.36,48.72,49.47,69.44
29,0,3,47.89,4,59.42,38.88
26,0,3,47.89,5,59.42,68.69
38,0,3,49.36,33.53,54.05,38.04
44,0,2,31.26,47.94,62.17,43.23
63,0,3,23.51,47.07,77.36,37.41
61,0,2,66.99,28.27,75.11,30.48
49,0,2,28.46,51.16,81.16,53.78
40,0,2,49.36,33.53,65.49,40.46
27,0,2,30.99,8,77.39,43.46
21,0,3,53.52,7,70.65,36.58
60,0,3,38.85,47.57,58.35,53.46
19,0,3,57.67,45.3,71.78,31.76
18,0,3,40.47,50.58,71.78,56.88
44,0,2,34.07,54.39,70.61,60.11
37,0,3,52.15,45.68,60.92,67.03
29,0,2,42.25,4,70.65,54.93
16,0,1,55.21,40.03,71.78,41.81
34,0,3,38.18,76.08,79.22,28.38
33,0,2,29.8,60.88,72.36,33.21
30,0,3,33.8,9,75.15,43.46
55,0,3,36.05,44.49,60.47,55.9
33,0,2,52.15,33.53,47.19,67.03
36,0,2,46.56,48.72,76.93,30.8
34,0,2,63.32,39.6,47.19,45.29
25,0,3,30.99,6,68.4,54.93
41,0,3,31.26,57.61,60.06,49.56
50,0,2,44.45,41.42,49.89,48.59
37,0,3,54.94,36.57,54.05,54.95
23,0,1,36.62,6,59.42,38.88
43,0,2,36.88,60.84,70.61,47.45
55,0,1,33.25,38.34,47.78,43.71
16,0,3,25.72,55.86,58.42,51.86
25,0,2,45.07,9,48.18,59.52
19,0,1,65.04,42.66,47.28,31.76
26,0,3,30.99,8,70.65,36.58
26,0,2,30.99,7,77.39,43.46
31,0,2,49.36,39.6,58.63,47.71
61,0,2,53.61,58.35,32.32,37.41
25,0,3,39.44,2,66.16,48.05
41,0,3,45.31,44.71,74.83,70.65
59,0,3,55.66,38.34,41.44,43.71
53,0,3,30.45,47.57,66.81,60.78
23,0,3,47.89,4,48.18,61.81
28,0,2,39.44,2,61.66,48.05
39,0,3,52.15,42.64,58.63,42.87
39,0,2,43.77,63.92,70.07,62.2
33,0,2,46.56,39.6,44.9,45.29
31,0,1,33.8,7,70.65,34.29
30,0,3,45.07,5,68.4,32
33,0,2,35.39,36.57,65.49,42.87
45,0,2,56.54,41.48,47.41,43.23
61,0,0,50.27,47.07,39.08,35.1
22,0,2,42.25,4,77.39,34.29
36,0,1,40.98,51.76,74.65,50.12
38,0,3,38.18,54.8,70.07,62.2
48,0,0,45.31,41.48,49.51,32.68
29,0,3,36.62,9,77.39,32
28,0,3,33.8,12,70.65,52.64
38,0,3,52.15,45.68,76.93,59.78
33,0,1,32.6,63.92,72.36,42.87
24,0,1,45.07,3,57.17,48.05
37,0,2,29.8,51.76,72.36,30.8
29,0,3,56.34,1,52.67,48.05
46,0,1,50.93,47.94,43.19,36.9
50,0,1,50.93,41.48,68.5,41.12
25,0,2,36.62,7,54.92,61.81
35,0,1,40.98,45.68,67.78,42.87
32,0,2,35.39,48.72,70.07,30.8
62,0,2,50.27,43.31,63.85,37.41
28,0,1,53.52,4,45.93,32
32,0,2,46.56,33.53,40.32,57.37
33,0,3,43.77,51.76,72.36,33.21
51,0,3,47.25,44.49,62.58,60.78
25,0,3,42.25,3,68.4,41.17
53,0,2,52.86,56.8,54.12,38.83
26,0,3,47.89,3,61.66,45.76
44,0,2,59.35,28.58,57.95,55.89
22,0,3,25.35,9,79.64,32
47,0,2,34.07,51.16,51.62,41.12
49,0,1,34.07,51.16,76.94,32.68
62,0,2,60.3,39.55,70.61,62.82
53,0,2,58.46,38.34,64.69,63.22
66,0,2,53.61,39.55,54.84,53.58
42,0,2,50.93,38.26,49.51,47.45
44,0,2,45.31,47.94,57.95,47.45
44,0,3,53.74,44.71,72.72,58
26,0,2,30.99,7,75.15,48.05
21,0,2,59.15,3,41.44,41.17
61,0,3,50.27,77.14,61.6,60.51
45,0,2,28.46,51.16,79.05,49.56
36,0,2,24.22,48.72,63.2,47.71
35,0,2,32.6,54.8,72.36,45.29
36,0,1,71.7,42.64,40.32,38.04
35,0,2,52.15,36.57,74.65,35.63
28,0,2,42.25,6,66.16,66.4
35,0,3,40.98,42.64,74.65,57.37
47,0,2,34.07,44.71,57.95,45.34
49,0,3,42.5,44.71,74.83,34.79
35,0,1,52.15,39.6,58.63,33.21
38,0,2,46.56,39.6,65.49,35.63
25,0,3,42.25,5,59.42,61.81
60,0,3,60.3,39.55,39.08,35.1
30,0,1,36.62,7,77.39,36.58
36,0,2,63.32,42.64,49.47,42.87
43,0,3,50.93,41.48,60.06,34.79
47,0,3,53.74,47.94,57.95,43.23
58,0,1,55.66,38.34,58.35,58.34
33,0,3,57.74,45.68,35.74,52.54
50,0,3,59.35,35.03,66.39,45.34
69,0,2,63.65,35.79,57.09,60.51
21,0,1,50.7,2,52.67,36.58
40,0,3,34.07,67.29,72.72,45.34
26,0,2,36.62,7,61.66,36.58
20,0,3,42.92,50.58,76.24,51.86
30,0,1,45.07,7,57.17,57.22
18,0,2,33.1,71.69,71.78,21.71
45,0,1,56.54,38.26,51.62,47.45
40,0,1,57.74,33.53,60.92,38.04
24,0,1,50.7,5,70.65,50.34
49,0,2,53.74,51.16,57.95,49.56
46,0,2,50.93,51.16,51.62,58
41,0,2,46.56,39.6,44.9,54.95
22,0,1,30.99,10,66.16,48.05
31,0,2,29.8,39.6,70.07,38.04
18,0,2,28.18,50.58,74.01,36.78
46,0,3,36.88,38.26,62.17,62.22
24,0,1,53.52,3,52.67,38.88
29,0,3,59.15,5,72.9,45.76
24,0,2,53.52,4,70.65,38.88
24,0,1,42.25,3,54.92,36.58
29,0,2,53.52,3,57.17,73.28
18,0,3,28.18,53.22,71.78,46.83
29,0,3,59.15,6,54.92,32
31,0,2,32.6,57.84,72.36,57.37
30,0,3,36.62,8,68.4,50.34
37,0,2,32.6,36.57,42.61,64.61
25,0,2,30.99,2,70.65,52.64
47,0,3,53.74,47.94,66.39,49.56
51,0,3,58.46,41.42,39.32,68.1
32,0,3,43.77,39.6,56.34,54.95
17,0,0,52.75,37.39,33.92,64.42
22,0,1,45.07,5,70.65,41.17
18,0,2,28.18,79.6,65.1,41.81
64,0,1,56.96,35.79,54.84,69.75
27,0,3,47.89,2,70.65,34.29
21,0,1,36.62,6,72.9,36.58
26,0,2,53.52,3,68.4,43.46
24,0,3,42.25,7,57.17,38.88
24,0,3,36.62,10,75.15,38.88
35,0,3,32.6,45.68,76.93,33.21
27,0,2,53.52,10,77.39,54.93
48,0,3,48.12,41.48,72.72,43.23
43,0,3,48.12,57.61,45.3,49.56
29,0,2,67.61,2,41.44,61.81
68,0,1,43.58,47.07,66.1,39.72
23,0,3,30.99,12,63.91,41.17
34,0,3,43.77,42.64,35.74,64.61
27,0,3,50.7,2,70.65,34.29
22,0,2,53.52,1,39.19,48.05
24,0,3,59.15,6,75.15,29.7
25,0,2,56.34,5,72.9,34.29
27,0,3,25.35,18,77.39,29.7
40,0,2,34.07,51.16,72.72,53.78
36,0,2,43.77,42.64,35.74,50.12
26,0,0,36.62,8,70.65,43.46
33,0,1,35.39,45.68,56.34,38.04
54,0,2,52.86,35.26,68.92,55.9
43,0,1,45.31,67.29,76.94,34.79
34,0,1,49.36,36.57,60.92,35.63
37,0,3,63.32,48.72,49.47,40.46
70,0,3,60.3,54.59,39.08,35.1
39,0,2,52.15,42.64,76.93,62.2
24,0,3,36.62,11,61.66,29.7
26,0,2,56.34,7,52.67,45.76
46,0,1,42.5,41.48,70.61,30.57
25,0,2,56.34,7,63.91,41.17
30,0,2,28.17,5,57.17,54.93
61,0,3,33.55,50.83,63.85,46.65
28,0,2,56.34,5,50.43,52.64
54,0,3,64.06,35.26,43.55,55.9
73,0,2,60.3,54.59,63.85,42.03
56,0,3,61.26,50.65,37.21,31.51
48,0,3,50.93,38.26,43.19,66.43
22,0,2,25.35,13,72.9,59.52
26,0,2,28.17,5,75.15,36.58
45,0,2,64.97,41.48,51.62,45.34
52,0,3,50.06,44.49,54.12,55.9
27,0,0,64.79,4,32.45,66.4
61,0,1,50.27,35.79,50.34,35.1
46,0,3,53.74,51.16,57.95,32.68
44,0,2,62.16,47.94,53.73,47.45
61,0,2,53.61,35.79,34.57,53.58
49,0,3,34.07,54.39,74.83,51.67
32,0,2,40.98,45.68,49.47,57.37
28,0,3,33.8,4,75.15,38.88
32,0,1,32.6,54.8,60.92,38.04
26,0,2,42.25,5,61.66,52.64
56,0,2,44.45,32.18,62.58,65.66
41,0,2,38.18,42.64,74.65,50.12
22,0,2,50.7,6,77.39,36.58
38,0,3,38.18,51.76,58.63,69.44
38,0,2,24.22,57.84,60.92,35.63
52,0,2,44.45,44.49,41.44,58.34
20,0,3,35.55,53.22,74.01,46.83
68,0,3,66.99,35.79,75.11,42.03
37,0,3,38.18,48.72,60.92,57.37
17,0,1,40.47,42.66,74.01,51.86
44,0,2,34.07,54.39,57.95,51.67
32,0,1,46.56,57.84,63.2,38.04
53,0,3,30.45,50.65,45.67,51.02
71,0,1,66.99,39.55,34.57,53.58
38,0,2,52.15,39.6,70.07,47.71
56,0,2,47.25,53.72,47.78,38.83
22,0,3,53.52,4,75.15,48.05
35,0,3,40.98,30.49,76.93,42.87
69,0,3,56.96,39.55,57.09,30.48
52,0,2,52.86,35.26,43.55,55.9
21,0,2,47.89,5,57.17,41.17
29,0,3,36.62,10,77.39,32
60,0,3,52.86,41.42,41.44,55.9
30,0,2,29.8,48.72,67.78,33.21
48,0,2,45.31,41.48,64.28,53.78
34,0,2,46.56,27.45,72.36,33.21
26,0,1,30.99,9,61.66,36.58
19,0,2,55.21,45.3,67.33,39.3
36,0,1,49.36,45.68,54.05,40.46
55,0,2,50.06,56.8,54.12,46.15
17,0,1,40.47,37.39,36.15,31.76
77,0,2,60.3,47.07,70.61,39.72
52,0,3,64.06,41.42,56.24,65.66
54,0,3,64.06,38.34,37.21,53.46
38,0,2,54.94,33.53,63.2,45.29
20,0,2,30.99,9,77.39,36.58
36,0,2,54.94,42.64,76.93,30.8
52,0,2,30.45,59.88,66.81,41.27
33,0,3,38.18,42.64,63.2,59.78
38,0,1,57.74,45.68,42.61,52.54
31,0,3,49.36,51.76,47.19,30.8
26,0,2,39.44,9,61.66,70.99
29,0,2,53.52,1,52.67,45.76
30,0,0,43.77,42.64,67.78,42.87
27,0,3,36.62,4,75.15,52.64
59,0,3,41.65,50.65,52.01,43.71
52,0,1,50.06,47.57,60.47,70.54
65,0,3,46.92,47.07,54.84,32.79
31,0,3,27.01,57.84,74.65,33.21
26,0,1,30.99,4,57.17,64.11
38,0,2,35.39,33.53,63.2,35.63
67,0,2,56.96,50.83,45.83,65.13
43,0,3,45.31,44.71,62.17,66.43
54,0,2,66.86,32.18,45.67,72.98
44,0,2,39.69,54.39,45.3,47.45
34,0,2,46.56,36.57,58.63,59.78
49,0,0,59.35,35.03,32.64,51.67
35,0,2,40.98,48.72,74.65,52.54
19,0,2,60.12,32.11,65.1,36.78
28,0,2,22.54,11,77.39,45.76
28,0,1,53.52,5,59.42,52.64
73,0,2,56.96,47.07,79.62,51.27
35,0,3,40.98,54.8,70.07,45.29
29,0,3,25.35,10,70.65,45.76
45,0,2,50.93,51.16,53.73,58
28,0,2,53.52,2,52.67,41.17
46,0,2,36.88,47.94,66.39,30.57
22,0,3,53.52,9,72.9,34.29
39,0,1,29.8,48.72,56.34,69.44
59,0,3,41.65,56.8,56.24,63.22
49,0,3,31.26,57.61,64.28,36.9
39,0,1,27.01,45.68,58.63,64.61
35,0,3,35.39,48.72,54.05,52.54
27,0,2,47.89,15,72.9,48.05
29,0,3,39.44,11,77.39,38.88
40,0,2,45.31,41.48,66.39,72.76
28,0,1,47.89,7,77.39,29.7
40,0,2,35.39,45.68,76.93,42.87
20,0,2,42.92,47.94,58.42,69.45
46,0,2,28.46,64.06,76.94,64.32
31,0,2,35.39,48.72,33.46,47.71
19,0,3,23.27,69.05,76.24,36.78
18,0,1,23.27,50.58,76.24,44.32
19,0,3,30.64,63.77,74.01,26.73
49,0,1,42.5,38.26,57.95,64.32
51,0,3,47.25,44.49,43.55,46.15
17,0,2,33.1,58.5,76.24,46.83
24,0,3,42.25,9,70.65,38.88
19,0,2,45.38,47.94,71.78,24.22
25,0,3,36.62,6,68.4,32
33,0,3,24.22,51.76,74.65,40.46
25,0,2,50.7,3,66.16,68.69
26,0,2,47.89,4,72.9,38.88
54,0,3,58.46,35.26,66.81,33.95
38,0,3,57.74,39.6,60.92,45.29
25,0,3,36.62,5,75.15,45.76
16,0,1,52.75,34.75,76.24,36.78
22,0,1,50.7,8,43.69,32
22,0,2,39.44,5,63.91,27.41
61,0,3,53.61,58.35,48.09,62.82
43,0,3,62.16,51.16,66.39,47.45
35,0,3,38.18,42.64,70.07,45.29
34,0,2,38.18,51.76,67.78,47.71
51,0,3,55.66,56.8,54.12,33.95
56,0,2,50.06,47.57,37.21,58.34
64,0,1,56.96,58.35,50.34,37.41
31,0,1,40.98,51.76,58.63,38.04
18,0,0,65.04,42.66,53.96,31.76
34,0,2,32.6,66.96,72.36,30.8
47,0,3,39.69,47.94,74.83,39.01
35,0,2,32.6,57.84,67.78,40.46
17,0,1,47.84,58.5,67.33,36.78
67,0,3,40.23,47.07,48.09,46.65
17,0,1,38.01,47.94,76.24,34.27
40,0,2,62.16,54.39,38.97,34.79
26,0,2,36.62,7,50.43,41.17
28,0,2,42.25,5,70.65,38.88
28,0,2,30.99,3,77.39,32
50,0,3,55.66,44.49,64.69,46.15
60,0,2,61.26,35.26,39.32,72.98
57,0,2,55.66,38.34,66.81,33.95
42,0,1,50.93,44.71,53.73,45.34
22,0,1,47.89,4,50.43,41.17
36,0,2,43.77,45.68,74.65,50.12
34,0,2,63.32,39.6,44.9,64.61
41,0,2,31.26,44.71,74.83,36.9
23,0,2,36.62,3,79.64,38.88
45,0,3,45.31,54.39,51.62,60.11
19,0,2,60.12,34.75,53.96,36.78
35,0,2,40.98,45.68,49.47,42.87
20,0,2,38.01,53.22,62.87,34.27
50,0,3,61.26,41.42,43.55,29.07
51,0,2,33.25,66.03,60.47,51.02
41,0,3,45.31,38.26,49.51,70.65
29,0,3,33.8,4,63.91,59.52
40,0,2,49.36,51.76,60.92,33.21
45,0,2,25.65,70.52,76.94,45.34
26,0,1,42.25,6,68.4,34.29
27,0,1,45.07,5,39.19,57.22
30,0,2,47.89,4,61.66,29.7
18,0,2,42.92,50.58,74.01,64.42
29,0,2,22.54,17,75.15,43.46
22,0,2,33.8,4,77.39,48.05
27,0,0,33.8,9,68.4,61.81
32,0,3,49.36,33.53,63.2,38.04
17,0,2,40.47,45.3,62.87,34.27
51,0,3,55.66,41.42,45.67,43.71
43,0,2,42.5,44.71,47.41,32.68
29,0,1,33.8,3,50.43,36.58
49,0,0,39.69,64.06,74.83,36.9
26,0,3,30.99,3,75.15,34.29
37,0,3,43.77,39.6,54.05,64.61
17,0,2,35.55,50.58,74.01,49.35
30,0,2,29.8,42.64,72.36,50.12
24,0,2,33.8,7,72.9,38.88
35,0,3,63.32,27.45,54.05,59.78
40,0,3,63.32,36.57,54.05,67.03
49,0,2,42.5,35.03,55.84,41.12
35,0,2,49.36,45.68,65.49,52.54
26,0,2,45.07,3,72.9,48.05
62,0,2,53.61,43.31,41.33,39.72
48,0,2,50.93,35.03,55.84,55.89
46,0,3,39.69,47.94,76.94,45.34
19,0,1,33.1,42.66,65.1,34.27
48,0,3,56.54,47.94,53.73,45.34
31,0,2,38.18,45.68,72.36,40.46
53,0,1,27.65,62.95,64.69,58.34
35,0,0,63.32,45.68,40.32,47.71
51,0,1,64.06,29.11,45.67,60.78
18,0,1,57.67,50.58,71.78,29.25
33,0,2,32.6,42.64,35.74,30.8
40,0,2,29.8,63.92,74.65,30.8
30,0,2,42.25,4,68.4,52.64
35,0,1,32.6,85.2,60.92,45.29
48,0,3,64.97,28.58,43.19,51.67
16,0,2,25.72,66.41,71.78,29.25
37,0,3,40.98,57.84,72.36,38.04
47,0,2,48.12,54.39,76.94,34.79
30,0,1,45.07,2,68.4,27.41
26,0,1,61.97,2,52.67,29.7
20,0,2,50.7,9,72.9,29.7
52,0,1,55.66,38.34,62.58,38.83
27,0,1,56.34,6,68.4,61.81
18,0,3,35.55,61.13,53.96,44.32
47,0,2,42.5,67.29,74.83,41.12
51,0,3,36.05,38.34,73.15,46.15
33,0,3,27.01,45.68,74.65,67.03
44,0,1,48.12,47.94,49.51,62.22
48,0,0,56.54,31.81,51.62,72.76
53,0,1,52.86,41.42,35.1,48.59
43,0,2,45.31,38.26,53.73,60.11
38,0,2,52.15,73.04,60.92,45.29
31,0,2,38.18,36.57,65.49,57.37
53,0,1,52.86,56.8,49.89,38.83
44,0,2,48.12,41.48,51.62,60.11
37,0,3,32.6,48.72,72.36,33.21
20,0,2,56.34,6,57.17,29.7
35,0,2,32.6,76.08,72.36,30.8
21,0,2,33.8,8,77.39,43.46
41,0,3,25.65,44.71,74.83,62.22
33,0,3,54.94,51.76,60.92,54.95
65,0,3,46.92,50.83,39.08,44.34
33,0,3,29.8,42.64,65.49,57.37
17,0,2,50.29,40.03,69.55,41.81
56,0,3,36.05,32.18,54.12,48.59
23,0,1,33.8,8,68.4,38.88
25,0,0,45.07,3,39.19,70.99
34,0,1,29.8,39.6,74.65,62.2
20,0,2,56.34,9,54.92,32
53,0,2,41.65,32.18,66.81,46.15
32,0,1,29.8,45.68,67.78,30.8
23,0,3,53.52,11,68.4,36.58
63,0,1,40.23,39.55,77.36,48.96
71,0,3,46.92,35.79,59.35,51.27
43,0,2,36.88,38.26,57.95,64.32
48,0,0,50.93,60.84,72.72,49.56
24,0,2,36.62,9,75.15,45.76
45,0,3,62.16,41.48,45.3,51.67
77,0,3,53.61,39.55,54.84,39.72
33,0,2,35.39,57.84,79.22,33.21
33,0,1,43.77,36.57,72.36,62.2
38,0,3,43.77,48.72,67.78,59.78
46,0,2,50.93,35.03,55.84,47.45
33,0,1,54.94,30.49,44.9,54.95
27,0,2,36.62,5,57.17,64.11
45,0,2,48.12,38.26,55.84,39.01
51,0,3,33.25,38.34,64.69,43.71
26,0,3,33.8,17,79.64,27.41
28,0,3,33.8,10,70.65,68.69
19,0,1,60.12,40.03,25.01,29.25
66,0,2,40.23,35.79,66.1,55.89
53,0,2,33.25,50.65,64.69,41.27
54,0,3,50.06,44.49,54.12,46.15
33,0,3,57.74,33.53,54.05,45.29
28,0,3,50.7,2,45.93,45.76
41,0,2,50.93,31.81,45.3,43.23
37,0,2,38.18,54.8,74.65,57.37
63,0,3,50.27,39.55,77.36,39.72
16,0,1,20.81,69.05,71.78,39.3
34,0,2,52.15,42.64,65.49,30.8
45,0,2,56.54,35.03,60.06,55.89
36,0,1,60.53,45.68,63.2,64.61
55,0,2,61.26,50.65,39.32,68.1
41,0,3,45.31,41.48,53.73,45.34
26,0,3,36.62,7,72.9,52.64
22,0,1,50.7,3,72.9,38.88
35,0,3,68.91,48.72,72.36,50.12
31,0,1,38.18,54.8,70.07,57.37
26,0,1,53.52,5,61.66,68.69
43,0,3,53.74,38.26,66.39,43.23
43,0,3,48.12,41.48,74.83,55.89
45,0,3,53.74,54.39,74.83,39.01
36,0,2,46.56,36.57,40.32,45.29
39,0,2,54.94,33.53,42.61,64.61
45,0,3,34.07,54.39,64.28,60.11
29,0,1,47.89,5,75.15,29.7
33,0,2,57.74,42.64,67.78,35.63
45,0,3,25.65,44.71,55.84,53.78
25,0,2,39.44,5,61.66,50.34
41,0,3,39.69,54.39,60.06,34.79
47,0,1,22.84,47.94,55.84,68.54
27,0,3,50.7,3,72.9,32
52,0,2,44.45,53.72,62.58,68.1
44,0,3,53.74,47.94,68.5,43.23
48,0,2,53.74,44.71,45.3,62.22
41,0,3,39.69,41.48,60.06,55.89
32,0,2,43.77,33.53,54.05,62.2
23,0,1,36.62,6,61.66,43.46
16,0,2,47.84,42.66,71.78,34.27
28,0,2,39.44,4,54.92,43.46
30,0,1,40.98,48.72,56.34,45.29
27,0,2,36.62,5,66.16,50.34
26,0,1,45.07,8,68.4,41.17
56,0,3,41.65,69.11,75.26,41.27
64,0,2,43.58,43.31,57.09,39.72
41,0,3,42.5,51.16,45.3,41.12
67,0,2,46.92,35.79,75.11,53.58
48,0,3,45.31,47.94,38.97,53.78
24,0,3,33.8,4,45.93,57.22
41,0,1,45.31,47.94,57.95,55.89
71,0,2,46.92,58.35,66.1,39.72
18,0,3,30.64,61.13,71.78,54.37
44,0,3,56.54,44.71,66.39,32.68
30,0,3,40.98,51.76,70.07,30.8
33,0,2,38.18,57.84,76.93,42.87
46,0,1,53.74,47.94,72.72,34.79
26,0,1,47.89,6,77.39,36.58
55,0,2,41.65,41.42,35.1,63.22
49,0,2,36.88,64.06,64.28,58
26,0,3,50.7,5,59.42,38.88
30,0,3,57.74,51.76,44.9,40.46
25,0,1,53.52,8,68.4,64.11
39,0,3,52.15,36.57,56.34,47.71
24,0,2,42.25,8,66.16,52.64
28,0,3,33.8,10,79.64,34.29
58,0,2,50.06,41.42,64.69,43.71
59,0,3,41.65,47.57,73.15,36.39
25,0,2,25.35,10,77.39,64.11
17,0,1,42.92,34.75,38.37,54.37
47,0,1,56.54,28.58,64.28,39.01
43,0,3,50.93,35.03,70.61,47.45
24,0,3,30.99,10,57.17,48.05
51,0,3,64.06,38.34,64.69,46.15
44,0,2,45.31,51.16,68.5,41.12
45,0,2,22.84,64.06,60.06,36.9
34,0,2,54.94,30.49,51.76,28.38
18,0,1,42.92,45.3,74.01,49.35
46,0,2,34.07,38.26,70.61,36.9
53,0,2,30.45,53.72,66.81,70.54
35,0,1,57.74,33.53,60.92,33.21
50,0,2,64.06,41.42,45.67,38.83
44,0,1,53.74,38.26,62.17,43.23
47,0,3,59.35,31.81,47.41,45.34
25,0,2,30.99,15,68.4,52.64
51,0,2,50.06,41.42,58.35,41.27
50,0,3,55.66,47.57,60.47,48.59
23,0,3,42.25,5,61.66,50.34
43,0,3,45.31,41.48,76.94,47.45
47,0,2,48.12,28.58,64.28,51.67
32,0,3,32.6,54.8,74.65,47.71
31,0,1,43.77,48.72,31.17,38.04
31,0,2,43.77,33.53,44.9,33.21
54,0,3,58.46,35.26,45.67,41.27
16,0,2,55.21,32.11,45.06,51.86
48,0,2,62.16,35.03,70.61,43.23
37,0,2,52.15,45.68,54.05,57.37
19,0,3,30.64,53.22,74.01,56.88
30,0,3,35.39,51.76,76.93,33.21
32,0,2,52.15,45.68,38.03,59.78
55,0,1,50.06,47.57,41.44,29.07
65,0,3,63.65,47.07,39.08,60.51
20,0,2,47.89,8,39.19,61.81
42,0,3,48.12,41.48,66.39,39.01
17,0,2,47.84,40.03,56.19,44.32
28,0,1,36.62,3,66.16,38.88
28,0,2,33.8,9,77.39,36.58
18,0,1,55.21,40.03,58.42,36.78
16,0,1,40.47,37.39,42.83,61.91
56,0,2,44.45,44.49,56.24,51.02
45,0,2,59.35,44.71,45.3,39.01
31,0,2,46.56,51.76,70.07,28.38
64,0,2,50.27,54.59,75.11,35.1
26,0,3,39.44,10,77.39,70.99
47,0,2,64.97,44.71,49.51,53.78
52,0,3,38.85,44.49,49.89,55.9
54,0,3,44.45,47.57,68.92,41.27
46,0,3,53.74,44.71,47.41,41.12
21,0,2,42.25,8,68.4,36.58
40,0,1,67.78,35.03,36.86,45.34
19,0,3,38.01,50.58,71.78,39.3
44,0,2,50.93,44.71,55.84,36.9
49,0,1,22.84,67.29,57.95,34.79
25,0,3,42.25,11,68.4,34.29
54,0,3,50.06,44.49,32.98,46.15
30,0,1,35.39,63.92,70.07,30.8
22,0,3,36.62,6,77.39,50.34
35,0,1,43.77,48.72,54.05,52.54
17,0,2,25.72,58.5,74.01,59.4
51,0,3,47.25,50.65,47.78,58.34
43,0,1,56.54,41.48,70.61,30.57
36,0,3,52.15,36.57,63.2,38.04
39,0,3,35.39,36.57,58.63,47.71
73,0,3,63.65,39.55,70.61,39.72
31,0,2,43.77,48.72,76.93,62.2
18,0,2,33.1,61.13,69.55,36.78
35,0,3,40.98,54.8,74.65,45.29
32,0,2,32.6,57.84,74.65,42.87
28,0,1,59.15,3,39.19,45.76
50,0,1,22.04,66.03,71.04,46.15
40,0,1,39.69,51.16,66.39,58
48,0,0,53.74,44.71,53.73,68.54
33,0,3,38.18,54.8,70.07,30.8
42,0,3,45.31,44.71,57.95,47.45
60,0,1,50.27,47.07,34.57,48.96
39,0,1,60.53,36.57,49.47,42.87
60,0,2,60.3,35.79,50.34,74.36
58,0,2,58.46,41.42,52.01,65.66
33,0,2,43.77,33.53,65.49,45.29
48,0,2,34.07,47.94,64.28,55.89
29,0,3,33.8,6,70.65,54.93
28,0,1,47.89,6,63.91,38.88
41,0,3,45.31,38.26,43.19,51.67
60,0,2,50.27,39.55,59.35,32.79
60,0,1,63.65,39.55,36.82,42.03
56,0,2,64.06,47.57,75.26,43.71
59,0,2,52.86,47.57,58.35,58.34
30,0,3,54.94,39.6,70.07,40.46
62,0,1,40.23,54.59,70.61,30.48
52,0,3,58.46,38.34,64.69,36.39
29,0,0,50.7,4,41.44,52.64
17,0,2,33.1,32.11,62.87,54.37
18,0,2,52.75,42.66,58.42,24.22
35,0,0,49.36,42.64,67.78,42.87
53,0,2,27.65,41.42,58.35,36.39
19,0,3,45.38,47.94,53.96,21.71
32,0,3,24.22,60.88,74.65,64.61
46,0,3,59.35,47.94,74.83,45.34
52,0,2,52.86,47.57,56.24,51.02
52,0,3,58.46,44.49,37.21,63.22
33,0,3,27.01,60.88,74.65,69.44
50,0,3,66.86,38.34,64.69,46.15
20,0,2,33.8,8,70.65,43.46
39,0,3,49.36,51.76,60.92,33.21
39,0,2,43.77,39.6,65.49,35.63
47,0,3,42.5,51.16,45.3,58
36,0,2,32.6,45.68,70.07,33.21
29,0,1,30.99,11,52.67,32
31,0,1,40.98,45.68,72.36,30.8
43,0,3,64.97,31.81,64.28,36.9
72,0,3,60.3,50.83,63.85,48.96
37,0,2,40.98,36.57,56.34,35.63
73,0,2,60.3,43.31,59.35,37.41
50,0,2,34.07,41.48,60.06,39.01
41,0,2,31.26,54.39,70.61,39.01
24,0,2,45.07,6,63.91,34.29
28,0,1,36.62,4,72.9,59.52
55,0,3,52.86,59.88,37.21,36.39
17,0,3,40.47,40.03,76.24,21.71
47,0,2,48.12,44.71,45.3,53.78
62,0,3,33.55,54.59,75.11,51.27
35,0,3,43.77,57.84,56.34,38.04
33,0,1,46.56,33.53,58.63,42.87
51,0,2,64.06,47.57,64.69,36.39
28,0,3,30.99,9,77.39,41.17
17,0,2,45.38,42.66,60.65,36.78
32,0,3,46.56,54.8,76.93,30.8
34,0,3,38.18,48.72,74.65,30.8
16,0,2,57.67,47.94,71.78,34.27
48,0,1,48.12,38.26,47.41,49.56
61,0,3,43.58,43.31,57.09,35.1
17,0,3,38.01,42.66,71.78,39.3
39,0,2,46.56,33.53,67.78,33.21
30,0,3,43.77,33.53,74.65,33.21
49,0,3,59.35,54.39,45.3,36.9
65,0,3,46.92,47.07,77.36,44.34
22,0,2,30.99,7,50.43,64.11
17,0,1,35.55,40.03,58.42,39.3
25,0,2,47.89,4,66.16,27.41
45,0,3,39.69,51.16,62.17,45.34
29,0,3,25.35,9,75.15,45.76
34,0,3,35.39,51.76,70.07,57.37
62,0,1,66.99,28.27,41.33,44.34
23,0,3,59.15,1,57.17,52.64
21,0,2,59.15,2,77.39,27.41
62,0,1,63.65,35.79,45.83,46.65
39,0,2,43.77,33.53,49.47,47.71
63,0,3,60.3,50.83,72.86,48.96
45,0,3,50.93,44.71,43.19,34.79
38,0,3,40.98,42.64,40.32,45.29
22,0,3,39.44,2,75.15,50.34
39,0,2,35.39,36.57,56.34,50.12
45,0,2,22.84,57.61,70.61,39.01
49,0,2,62.16,47.94,64.28,66.43
24,0,1,50.7,6,52.67,38.88
30,0,2,46.56,42.64,72.36,30.8
32,0,3,32.6,48.72,44.9,62.2
27,0,2,45.07,7,72.9,38.88
21,0,1,61.97,2,57.17,27.41
68,0,2,53.61,39.55,52.59,48.96
33,0,1,52.15,45.68,51.76,35.63
34,0,3,32.6,36.57,40.32,69.44
34,0,2,27.01,39.6,72.36,62.2
43,0,2,48.12,51.16,62.17,47.45
43,0,3,31.26,44.71,49.51,64.32
61,0,1,53.61,54.59,59.35,42.03
39,0,1,35.39,42.64,67.78,54.95
19,0,2,55.21,40.03,60.65,26.73
42,0,0,31.26,44.71,74.83,60.11
20,0,0,64.79,5,32.45,50.34
47,0,3,45.31,47.94,62.17,41.12
43,0,3,50.93,38.26,53.73,66.43
70,0,2,56.96,39.55,66.1,30.48
31,0,2,29.8,39.6,56.34,50.12
20,0,2,39.44,7,79.64,52.64
59,0,3,61.26,38.34,62.58,48.59
23,0,2,53.52,4,41.44,36.58
41,0,0,45.31,44.71,70.61,51.67
18,0,2,45.38,66.41,76.24,46.83
46,0,1,39.69,57.61,66.39,39.01
52,0,1,44.45,35.26,60.47,58.34
52,0,3,58.46,56.8,71.04,41.27
17,0,3,40.47,63.77,74.01,29.25
45,0,2,48.12,38.26,41.08,51.67
31,0,3,54.94,39.6,51.76,35.63
53,0,2,55.66,41.42,41.44,46.15
48,0,2,50.93,44.71,49.51,51.67
27,0,3,33.8,10,75.15,50.34
45,0,2,48.12,60.84,79.05,32.68
22,0,2,42.25,5,68.4,38.88
62,0,1,50.27,39.55,59.35,37.41
47,0,1,53.74,51.16,62.17,43.23
27,0,3,45.07,6,70.65,29.7
23,0,1,39.44,5,70.65,32
33,0,3,52.15,48.72,47.19,45.29
19,0,1,47.84,45.3,33.92,36.78
59,0,3,52.86,38.34,52.01,70.54
24,0,1,39.44,3,68.4,38.88
39,0,3,27.01,60.88,63.2,47.71
21,0,2,42.25,7,79.64,27.41
29,0,1,19.72,9,79.64,48.05
28,0,2,42.25,8,75.15,41.17
24,0,2,64.79,3,43.69,41.17
39,0,2,71.7,36.57,60.92,52.54
51,0,2,33.25,47.57,77.38,31.51
36,0,3,60.53,39.6,65.49,59.78
47,0,2,62.16,35.03,45.3,51.67
49,0,2,42.5,60.84,76.94,51.67
22,0,2,45.07,4,77.39,36.58
35,0,2,35.39,57.84,65.49,64.61
48,0,3,53.74,51.16,64.28,49.56
40,0,3,34.07,44.71,64.28,62.22
16,0,3,40.47,45.3,74.01,34.27
32,0,2,35.39,36.57,51.76,38.04
48,0,2,50.93,57.61,72.72,53.78
38,0,2,40.98,39.6,42.61,35.63
27,0,3,45.07,3,77.39,32
53,0,2,47.25,32.18,64.69,51.02
44,0,2,59.35,47.94,57.95,41.12
33,0,3,38.18,54.8,63.2,33.21
35,0,3,49.36,30.49,49.47,35.63
31,0,2,49.36,48.72,70.07,33.21
40,0,3,42.5,38.26,70.61,70.65
26,0,2,36.62,7,66.16,54.93
81,0,2,50.27,43.31,41.33,35.1
27,0,2,50.7,5,68.4,27.41
31,0,2,32.6,60.88,76.93,33.21
34,0,2,38.18,30.49,51.76,45.29
35,0,3,35.39,48.72,79.22,47.71
34,0,3,52.15,51.76,70.07,50.12
53,0,3,41.65,53.72,56.24,60.78
49,0,3,42.5,35.03,60.06,47.45
17,0,2,38.01,47.94,65.1,36.78
39,0,1,63.32,42.64,56.34,52.54
43,0,3,34.07,38.26,62.17,41.12
50,0,2,52.86,41.42,71.04,41.27
33,0,2,40.98,51.76,56.34,42.87
24,0,3,42.25,7,79.64,41.17
31,0,1,60.53,36.57,49.47,47.71
24,0,2,42.25,6,57.17,36.58
46,0,3,34.07,57.61,64.28,43.23
26,0,2,33.8,7,70.65,32
51,0,3,41.65,66.03,71.04,48.59
46,0,1,67.78,38.26,49.51,41.12
18,0,2,38.01,55.86,69.55,31.76
30,0,0,60.53,45.68,24.3,69.44
26,0,1,39.44,5,63.91,36.58
37,0,3,32.6,33.53,51.76,54.95
56,0,3,41.65,53.72,68.92,60.78
25,0,1,47.89,5,63.91,41.17
36,0,3,46.56,42.64,44.9,40.46
22,0,2,56.34,8,66.16,43.46
51,0,3,30.45,56.8,62.58,36.39
39,0,2,35.39,42.64,67.78,45.29
51,0,3,50.06,47.57,49.89,63.22
45,0,2,34.07,41.48,60.06,60.11
40,0,2,31.26,67.29,79.05,43.23
23,0,2,42.25,4,57.17,41.17
32,0,1,27.01,63.92,74.65,47.71
59,0,2,61.26,32.18,41.44,63.22
49,0,1,36.88,41.48,62.17,53.78
59,0,1,66.86,38.34,56.24,53.46
38,0,3,29.8,54.8,76.93,45.29
24,0,3,50.7,4,72.9,29.7
48,0,2,39.69,47.94,45.3,68.54
57,0,3,41.65,50.65,75.26,41.27
46,0,1,45.31,35.03,49.51,45.34
40,0,2,48.12,51.16,41.08,45.34
27,0,2,33.8,3,68.4,36.58
33,0,2,49.36,48.72,63.2,35.63
23,0,1,53.52,4,27.96,59.52
32,0,2,54.94,39.6,63.2,47.71
22,0,2,53.52,5,61.66,59.52
71,0,2,56.96,50.83,41.33,60.51
83,0,1,56.96,35.79,63.85,67.44
61,0,3,53.61,39.55,36.82,39.72
26,0,2,25.35,9,70.65,36.58
29,0,3,47.89,5,68.4,50.34
56,0,1,52.86,38.34,52.01,58.34
16,0,1,28.18,50.58,60.65,34.27
23,0,0,28.17,12,61.66,59.52
45,0,2,48.12,41.48,66.39,62.22
24,0,1,42.25,8,72.9,34.29
35,0,1,43.77,63.92,56.34,33.21
46,0,3,28.46,44.71,60.06,60.11
22,0,2,30.99,3,70.65,34.29
28,0,2,42.25,7,61.66,29.7
33,0,3,54.94,48.72,58.63,33.21
20,0,3,50.7,3,79.64,41.17
36,0,2,40.98,60.88,72.36,33.21
31,0,3,49.36,45.68,67.78,45.29
49,0,2,50.93,35.03,68.5,39.01
45,0,3,45.31,44.71,62.17,51.67
54,0,1,44.45,41.42,58.35,51.02
28,0,3,30.99,9,70.65,57.22
18,0,1,55.21,53.22,65.1,44.32
56,0,1,58.46,44.49,62.58,53.46
23,0,2,33.8,14,75.15,54.93
44,0,1,39.69,38.26,57.95,36.9
45,0,1,45.31,44.71,53.73,53.78
43,0,2,56.54,47.94,66.39,55.89
33,0,2,32.6,48.72,67.78,54.95
38,0,3,52.15,63.92,72.36,38.04
66,0,2,66.99,28.27,66.1,39.72
44,0,3,56.54,57.61,34.75,32.68
72,0,2,60.3,32.03,48.09,39.72
67,0,2,43.58,58.35,68.36,37.41
33,0,1,35.39,45.68,74.65,50.12
27,0,1,39.44,12,66.16,57.22
51,0,3,66.86,32.18,47.78,53.46
40,0,2,42.5,41.48,53.73,53.78
43,0,2,56.54,31.81,55.84,39.01
39,0,3,27.01,42.64,74.65,38.04
53,0,2,50.06,41.42,56.24,38.83
46,0,3,39.69,47.94,60.06,64.32
66,0,3,46.92,47.07,68.36,39.72
49,0,3,42.5,44.71,55.84,58
52,0,3,61.26,47.57,35.1,46.15
26,0,3,45.07,6,59.42,41.17
21,0,3,42.25,5,52.67,36.58
45,0,1,42.5,47.94,45.3,32.68
18,0,0,35.55,61.13,53.96,59.4
67,0,3,46.92,39.55,48.09,53.58
27,0,1,33.8,7,61.66,43.46
28,0,3,47.89,6,77.39,50.34
49,0,2,39.69,51.16,72.72,32.68
41,0,2,56.54,31.81,62.17,47.45
33,0,3,60.53,42.64,58.63,54.95
24,0,3,50.7,5,36.94,54.93
68,0,1,63.65,28.27,57.09,42.03
26,0,2,42.25,3,43.69,68.69
29,0,1,53.52,3,72.9,29.7
52,0,3,44.45,47.57,60.47,58.34
21,0,2,53.52,4,75.15,36.58
17,0,2,35.55,66.41,58.42,56.88
43,0,2,45.31,38.26,64.28,39.01
56,0,1,61.26,41.42,60.47,41.27
16,0,1,45.38,45.3,60.65,34.27
38,0,2,43.77,33.53,74.65,67.03
64,0,3,53.61,35.79,57.09,39.72
23,0,1,39.44,9,66.16,52.64
20,0,2,36.62,4,75.15,29.7
22,0,3,33.8,6,77.39,27.41
33,0,2,52.15,42.64,58.63,64.61
51,0,1,52.86,41.42,56.24,48.59
54,0,2,61.26,50.65,56.24,55.9
19,0,3,40.47,50.58,69.55,46.83
18,0,2,40.47,45.3,56.19,61.91
28,0,2,45.07,2,72.9,34.29
26,0,1,36.62,9,72.9,41.17
72,0,2,63.65,35.79,54.84,44.34
33,0,2,60.53,48.72,72.36,59.78
24,0,2,56.34,9,52.67,43.46
29,0,3,28.17,10,77.39,50.34
39,0,2,54.94,39.6,44.9,38.04
21,0,2,33.8,5,72.9,34.29
40,0,1,45.31,51.16,74.83,36.9
60,0,1,53.61,62.11,72.86,32.79
19,0,0,52.75,32.11,42.83,36.78
45,0,3,53.74,51.16,68.5,36.9
44,0,1,42.5,47.94,66.39,45.34
33,0,1,63.32,36.57,54.05,30.8
67,0,3,60.3,47.07,79.62,35.1
52,0,2,52.86,44.49,41.44,48.59
52,0,3,41.65,38.34,73.15,31.51
67,0,2,50.27,54.59,63.85,30.48
19,0,2,33.1,47.94,78.46,24.22
18,0,2,42.92,53.22,78.46,56.88
23,0,1,25.35,10,75.15,66.4
29,0,1,53.52,5,45.93,36.58
29,0,2,39.44,6,59.42,50.34
29,0,2,22.54,12,72.9,36.58
25,0,2,47.89,2,54.92,52.64
50,0,3,44.45,56.8,64.69,48.59
29,0,1,36.62,7,66.16,38.88
44,0,1,42.5,44.71,72.72,51.67
30,0,2,46.56,54.8,60.92,28.38
54,0,2,50.06,53.72,47.78,36.39
19,0,2,28.18,53.22,74.01,44.32
21,0,2,30.99,7,75.15,27.41
39,0,3,43.77,33.53,51.76,59.78
29,0,0,50.7,3,63.91,43.46
21,0,1,47.89,4,61.66,38.88
64,0,2,46.92,54.59,45.83,62.82
44,0,2,48.12,44.71,64.28,36.9
44,0,2,45.31,35.03,64.28,43.23
31,0,3,63.32,42.64,60.92,38.04
29,0,2,47.89,3,61.66,38.88
71,0,2,63.65,35.79,54.84,35.1
22,0,2,36.62,5,77.39,45.76
29,0,3,22.54,9,59.42,50.34
26,0,2,19.72,17,79.64,57.22
29,0,0,67.61,5,25.71,50.34
62,0,2,60.3,35.79,61.6,58.2
26,0,1,42.25,12,77.39,34.29
19,0,0,45.38,37.39,71.78,61.91
34,0,1,32.6,60.88,60.92,42.87
51,0,3,27.65,53.72,56.24,53.46
31,0,2,32.6,39.6,54.05,54.95
30,0,1,54.94,54.8,44.9,59.78
28,0,3,30.99,8,63.91,34.29
33,0,3,40.98,54.8,70.07,47.71
33,0,2,49.36,45.68,31.17,47.71
49,0,3,59.35,38.26,72.72,34.79
24,0,3,36.62,5,75.15,48.05
51,0,1,22.04,56.8,64.69,48.59
62,0,3,33.55,58.35,72.86,32.79
31,0,2,49.36,57.84,44.9,40.46
54,0,2,52.86,41.42,47.78,68.1
37,0,3,32.6,39.6,60.92,33.21
54,0,3,36.05,53.72,66.81,60.78
21,0,3,22.54,15,79.64,52.64
67,0,1,60.3,39.55,63.85,65.13
46,0,3,50.93,51.16,64.28,62.22
49,0,3,39.69,47.94,81.16,39.01
30,0,1,52.15,42.64,35.74,52.54
28,0,3,47.89,6,61.66,48.05
34,0,3,60.53,30.49,49.47,45.29
19,0,2,50.29,32.11,42.83,41.81
23,0,2,42.25,11,59.42,32
32,0,2,38.18,63.92,79.22,62.2
47,0,3,20.03,76.97,76.94,49.56
25,0,2,30.99,9,72.9,57.22
43,0,3,36.88,44.71,72.72,36.9
18,0,1,55.21,32.11,42.83,34.27
19,0,1,40.47,45.3,60.65,56.88
19,0,2,38.01,40.03,69.55,31.76
52,0,2,52.86,50.65,73.15,43.71
18,0,2,40.47,40.03,76.24,26.73
53,0,3,30.45,53.72,68.92,65.66
17,0,3,35.55,42.66,53.96,66.93
29,0,2,30.99,7,75.15,38.88
35,0,3,52.15,39.6,70.07,50.12
23,0,2,64.79,3,48.18,32
20,0,2,36.62,8,79.64,34.29
20,0,2,45.07,6,75.15,32
70,0,3,56.96,43.31,72.86,30.48
47,0,2,39.69,57.61,41.08,39.01
22,0,2,36.62,11,70.65,66.4
38,0,2,40.98,42.64,65.49,47.71
41,0,3,45.31,44.71,72.72,45.34
20,0,1,67.61,2,36.94,38.88
29,0,2,22.54,5,48.18,64.11
22,0,1,42.25,11,61.66,59.52
29,0,3,42.25,7,32.45,48.05
18,0,2,38.01,37.39,60.65,66.93
30,0,1,35.39,42.64,44.9,69.44
19,0,2,30.64,55.86,69.55,36.78
54,0,1,55.66,38.34,54.12,68.1
19,0,3,40.47,50.58,69.55,29.25
57,0,3,33.25,50.65,47.78,36.39
46,0,3,39.69,51.16,72.72,43.23
25,0,3,28.17,18,75.15,27.41
31,0,3,43.77,57.84,67.78,59.78
20,0,1,39.44,1,70.65,32
51,0,2,55.66,44.49,52.01,46.15
31,0,3,52.15,42.64,56.34,45.29
23,0,3,53.52,4,50.43,45.76
43,0,2,56.54,44.71,62.17,58
66,0,2,46.92,50.83,77.36,37.41
40,0,3,34.07,67.29,47.41,30.57
23,0,2,36.62,1,75.15,41.17
24,0,3,45.07,10,68.4,73.28
39,0,3,40.98,42.64,51.76,45.29
24,0,3,59.15,5,75.15,48.05
32,0,3,38.18,36.57,67.78,47.71
26,0,2,45.07,7,34.7,50.34
66,0,2,36.89,43.31,72.86,48.96
24,0,3,53.52,3,75.15,34.29
36,0,3,54.94,39.6,63.2,35.63
22,0,3,42.25,7,70.65,50.34
25,0,2,39.44,4,52.67,50.34
38,0,1,46.56,39.6,54.05,40.46
65,0,1,50.27,39.55,59.35,44.34
26,0,2,30.99,9,75.15,38.88
26,0,2,30.99,5,70.65,45.76
34,0,1,35.39,63.92,72.36,52.54
16,0,2,30.64,61.13,69.55,69.45
18,0,1,33.1,47.94,67.33,34.27
22,0,1,30.99,12,79.64,27.41
23,0,2,30.99,10,79.64,50.34
39,0,1,29.8,42.64,63.2,64.61
68,0,3,46.92,43.31,72.86,39.72
17,0,1,38.01,32.11,38.37,59.4
20,0,1,47.89,1,41.44,43.46
24,0,3,42.25,15,72.9,52.64
36,0,3,43.77,33.53,67.78,28.38
35,0,2,66.12,36.57,44.9,47.71
45,0,2,45.31,44.71,55.84,34.79
37,0,1,52.15,36.57,51.76,38.04
29,0,3,39.44,6,72.9,43.46
79,0,2,46.92,39.55,72.86,32.79
72,0,1,50.27,43.31,68.36,42.03
27,0,3,33.8,5,68.4,57.22
39,0,1,57.74,30.49,60.92,40.46
35,0,2,38.18,36.57,44.9,33.21
57,0,0,58.46,50.65,49.89,63.22
37,0,2,52.15,60.88,70.07,30.8
40,0,3,48.12,38.26,62.17,30.57
18,0,2,35.55,58.5,65.1,31.76
20,0,2,42.25,10,68.4,32
42,0,3,48.12,64.06,62.17,49.56
29,0,1,33.8,7,57.17,68.69
25,0,2,45.07,7,36.94,75.57
36,0,3,63.32,39.6,47.19,47.71
38,0,3,21.42,54.8,74.65,52.54
40,0,1,36.88,35.03,79.05,39.01
58,0,2,55.66,47.57,49.89,65.66
54,0,0,52.86,32.18,45.67,55.9
44,0,3,62.16,35.03,49.51,49.56
59,0,3,47.25,50.65,47.78,43.71
38,0,0,38.18,45.68,79.22,47.71
32,0,0,49.36,45.68,49.47,38.04
18,0,3,47.84,45.3,76.24,41.81
28,0,3,36.62,6,75.15,36.58
23,0,1,42.25,6,61.66,61.81
22,0,3,42.25,3,70.65,41.17
23,0,3,59.15,8,68.4,57.22
27,0,1,56.34,3,43.69,45.76
32,0,2,40.98,54.8,76.93,47.71
23,0,2,53.52,1,57.17,54.93
37,0,2,38.18,51.76,74.65,30.8
35,0,1,35.39,54.8,67.78,30.8
19,0,2,30.64,47.94,74.01,41.81
18,0,1,47.84,53.22,38.37,34.27
32,0,3,40.98,36.57,74.65,59.78
45,0,3,59.35,41.48,51.62,53.78
33,0,3,40.98,48.72,58.63,71.86
17,0,3,62.58,50.58,67.33,66.93
23,0,1,42.25,9,54.92,32
26,0,1,64.79,6,54.92,54.93
29,0,3,42.25,8,70.65,29.7
50,0,2,50.06,41.42,49.89,46.15
24,0,3,56.34,6,63.91,57.22
49,0,2,56.54,57.61,43.19,39.01
39,0,3,32.6,51.76,67.78,40.46
20,0,2,36.62,5,70.65,38.88
34,0,3,54.94,42.64,76.93,33.21
25,0,3,28.17,8,75.15,41.17
49,0,2,50.93,54.39,66.39,60.11
52,0,0,52.86,38.34,47.78,53.46
33,0,3,29.8,51.76,76.93,42.87
65,0,2,53.61,62.11,61.6,46.65
26,0,3,47.89,3,68.4,54.93
24,0,2,36.62,9,79.64,36.58
18,0,1,28.18,53.22,69.55,56.88
25,0,2,25.35,5,61.66,64.11
17,0,2,50.29,45.3,69.55,39.3
45,0,2,53.74,44.71,47.41,58
27,0,2,45.07,8,72.9,36.58
28,0,2,28.17,3,77.39,36.58
28,0,2,30.99,10,75.15,36.58
28,0,2,36.62,10,68.4,57.22
17,0,2,55.21,32.11,60.65,51.86
40,0,2,22.84,57.61,68.5,43.23
33,0,3,38.18,63.92,67.78,40.46
40,0,3,53.74,44.71,60.06,64.32
30,0,3,40.98,51.76,70.07,38.04
31,0,1,46.56,33.53,67.78,35.63
39,0,2,43.77,48.72,67.78,45.29
37,0,3,27.01,42.64,51.76,54.95
35,0,3,40.98,60.88,76.93,33.21
24,0,1,30.99,13,61.66,50.34
41,0,1,45.31,38.26,72.72,55.89
19,0,1,52.75,32.11,53.96,36.78
38,0,2,43.77,42.64,51.76,62.2
20,0,3,50.7,3,66.16,27.41
38,0,1,52.15,36.57,44.9,35.63
40,0,3,28.46,51.16,70.61,36.9
43,0,3,56.54,47.94,34.75,39.01
45,0,2,20.03,51.16,74.83,47.45
24,0,1,47.89,3,59.42,64.11
33,0,2,49.36,36.57,72.36,42.87
28,0,0,50.7,6,48.18,52.64
22,0,3,33.8,8,70.65,34.29
22,0,2,33.8,2,63.91,45.76
41,0,2,50.93,41.48,41.08,49.56
22,0,1,45.07,4,57.17,32
30,0,1,38.18,48.72,51.76,45.29
49,0,3,48.12,51.16,64.28,36.9
43,0,3,39.69,57.61,38.97,53.78
20,0,3,53.52,2,75.15,36.58
21,0,1,28.17,12,75.15,29.7
53,0,3,55.66,29.11,35.1,51.02
42,0,3,31.26,60.84,74.83,41.12
39,0,2,68.91,36.57,26.59,64.61
62,0,1,46.92,43.31,75.11,44.34
16,0,1,30.64,50.58,60.65,29.25
46,0,3,28.46,57.61,72.72,58
30,0,1,32.6,45.68,65.49,45.29
22,0,1,39.44,10,66.16,59.52
17,0,2,55.21,47.94,45.06,24.22
29,0,2,59.15,1,48.18,50.34
30,0,3,40.98,45.68,76.93,52.54
28,0,0,64.79,7,59.42,64.11
25,0,3,36.62,7,68.4,38.88
16,0,1,33.1,63.77,67.33,24.22
21,0,2,42.25,6,59.42,45.76
20,0,3,30.99,7,79.64,45.76
20,0,2,28.17,11,72.9,36.58
47,0,3,42.5,54.39,76.94,53.78
22,0,2,59.15,6,54.92,38.88
52,0,2,50.06,38.34,54.12,51.02
42,0,2,28.46,54.39,79.05,51.67
52,0,2,61.26,41.42,54.12,60.78
23,0,3,30.99,11,79.64,32
19,0,0,40.47,58.5,51.74,51.86
38,0,2,46.56,51.76,42.61,57.37
35,0,3,24.22,51.76,70.07,47.71
21,0,1,47.89,6,68.4,32
18,0,3,28.18,50.58,69.55,26.73
32,0,1,29.8,42.64,54.05,40.46
63,0,1,60.3,32.03,54.84,39.72
61,0,3,53.61,39.55,50.34,42.03
23,0,2,36.88,57.61,66.39,39.01
40,0,3,39.69,54.39,79.05,34.79
41,0,3,64.97,44.71,53.73,49.56
29,0,3,47.89,1,75.15,43.46
23,0,3,47.89,8,70.65,32
32,0,3,40.98,48.72,60.92,47.71
16,0,0,28.18,47.94,51.74,49.35
29,0,3,39.44,5,66.16,48.05
58,0,2,47.25,53.72,60.47,38.83
31,0,2,40.98,45.68,70.07,52.54
20,0,3,33.8,9,77.39,34.29
31,0,2,49.36,39.6,56.34,67.03
29,0,1,36.62,7,70.65,48.05
26,0,1,42.25,8,59.42,59.52
44,0,1,45.31,44.71,60.06,55.89
27,0,2,39.44,4,77.39,38.88
21,0,3,33.8,3,57.17,64.11
36,0,2,27.01,51.76,74.65,38.04
32,0,1,60.53,30.49,67.78,40.46
21,0,2,50.7,4,61.66,52.64
34,0,2,40.98,45.68,60.92,54.95
30,0,2,24.22,45.68,72.36,42.87
20,0,3,30.99,7,77.39,54.93
24,0,1,33.8,8,75.15,29.7
36,0,2,49.36,33.53,60.92,57.37
31,0,1,29.8,66.96,56.34,42.87
16,0,3,30.64,63.77,69.55,44.32
16,0,2,42.92,50.58,76.24,56.88
65,0,1,56.96,39.55,75.11,65.13
42,0,2,20.03,64.06,79.05,55.89
59,0,2,50.06,47.57,64.69,51.02
35,0,2,46.56,45.68,60.92,64.61
30,0,1,24.22,54.8,79.22,40.46
30,0,2,43.77,39.6,35.74,52.54
50,0,3,44.45,50.65,58.35,68.1
28,0,1,47.89,5,61.66,48.05
54,0,1,66.86,32.18,49.89,63.22
52,0,2,44.45,41.42,71.04,55.9
40,0,2,28.46,57.61,76.94,64.32
36,0,2,32.6,60.88,74.65,69.44
43,0,2,31.26,64.06,53.73,58
44,0,1,42.5,57.61,55.84,43.23
46,0,2,56.54,38.26,55.84,62.22
20,0,2,36.62,12,72.9,29.7
27,0,1,33.8,8,75.15,45.76
25,0,3,28.17,8,61.66,50.34
26,0,2,50.7,0,70.65,36.58
56,0,3,55.66,41.42,62.58,55.9
28,0,3,45.07,2,59.42,27.41
31,0,3,54.94,39.6,74.65,30.8
27,0,1,45.07,2,70.65,41.17
36,0,2,40.98,45.68,63.2,50.12
46,0,3,59.35,38.26,51.62,55.89
49,0,3,53.74,41.48,55.84,45.34
51,0,2,61.26,32.18,56.24,48.59
25,0,2,42.25,9,72.9,61.81
21,0,1,25.35,12,72.9,68.69
31,0,3,49.36,54.8,47.19,54.95
69,0,3,50.27,47.07,41.33,51.27
19,0,2,45.38,50.58,67.33,36.78
32,0,2,40.98,48.72,70.07,47.71
32,0,2,49.36,42.64,79.22,45.29
40,0,3,56.54,44.71,72.72,34.79
34,0,3,46.56,54.8,76.93,67.03
19,0,0,69.95,29.47,29.47,64.42
41,0,3,39.69,31.81,62.17,34.79
71,0,3,56.96,39.55,50.34,60.51
17,0,1,42.92,50.58,62.87,49.35
17,0,1,35.55,58.5,60.65,54.37
50,0,2,50.06,41.42,68.92,48.59
28,0,3,39.44,5,59.42,41.17
60,0,3,53.61,54.59,77.36,55.89
36,0,0,46.56,48.72,42.61,50.12
29,0,2,45.07,10,70.65,45.76
36,0,3,57.74,48.72,67.78,33.21
29,0,3,36.62,11,75.15,41.17
44,0,1,59.35,31.81,45.3,53.78
27,0,2,36.62,5,66.16,66.4
43,0,2,50.93,41.48,41.08,45.34
26,0,3,28.17,10,79.64,36.58
18,0,1,57.67,42.66,69.55,24.22
47,0,2,56.54,47.94,41.08,39.01
37,0,0,49.36,45.68,72.36,30.8
37,0,3,49.36,42.64,44.9,38.04
21,0,2,39.44,7,72.9,41.17
55,0,3,55.66,35.26,52.01,48.59
27,0,1,28.17,11,63.91,50.34
31,0,3,27.01,48.72,79.22,62.2
26,0,2,45.07,7,77.39,29.7
38,0,2,40.98,51.76,51.76,42.87
21,0,3,30.99,10,79.64,54.93
38,0,3,46.56,39.6,54.05,74.28
33,0,2,54.94,57.84,60.92,71.86
19,0,1,55.21,42.66,51.74,34.27
34,0,2,54.94,45.68,33.46,45.29
29,0,2,25.35,7,54.92,52.64
21,0,1,36.62,2,61.66,41.17
17,0,1,33.1,34.75,67.33,36.78
36,0,3,46.56,60.88,72.36,54.95
24,0,1,56.34,2,75.15,38.88
35,0,3,57.74,36.57,70.07,45.29
53,0,1,58.46,35.26,43.55,58.34
29,0,3,45.07,2,48.18,50.34
35,0,1,49.36,36.57,56.34,40.46
33,0,2,38.18,42.64,76.93,42.87
34,0,2,54.94,63.92,76.93,33.21
34,0,1,32.6,51.76,49.47,64.61
17,0,1,50.29,29.47,60.65,56.88
25,0,1,39.44,6,72.9,68.69
22,0,2,47.89,7,72.9,29.7
49,0,2,36.88,44.71,81.16,49.56
37,0,3,43.77,51.76,58.63,57.37
24,0,2,30.99,4,63.91,52.64
17,0,3,30.64,42.66,62.87,34.27
37,0,2,54.94,39.6,65.49,38.04
25,0,3,30.99,6,72.9,52.64
45,0,1,53.74,47.94,66.39,39.01
45,0,3,42.5,41.48,68.5,36.9
45,0,1,42.5,35.03,62.17,53.78
55,0,2,58.46,53.72,49.89,36.39
25,0,2,36.62,5,75.15,27.41
57,0,3,55.66,44.49,64.69,48.59
33,0,2,57.74,33.53,49.47,62.2
47,0,3,53.74,41.48,76.94,36.9
51,0,2,41.65,32.18,56.24,46.15
26,0,1,39.44,10,75.15,32
40,0,2,34.07,35.03,47.41,34.79
52,0,2,52.86,50.65,64.69,60.78
66,0,2,66.99,35.79,75.11,37.41
20,0,1,47.89,5,77.39,36.58
29,0,1,39.44,4,63.91,61.81
29,0,2,50.7,3,54.92,43.46
27,0,2,50.7,2,45.93,59.52
35,0,3,27.01,51.76,63.2,52.54
35,0,1,32.6,66.96,70.07,54.95
22,0,2,30.99,9,77.39,34.29
40,0,2,53.74,38.26,68.5,36.9
30,0,1,63.32,45.68,58.63,62.2
26,0,1,42.25,11,59.42,41.17
41,0,2,42.5,44.71,43.19,47.45
23,0,1,59.15,2,66.16,52.64
31,0,1,57.74,48.72,51.76,52.54
63,0,3,43.58,54.59,81.87,62.82
19,0,2,35.55,63.77,76.24,34.27
23,0,2,33.8,4,72.9,41.17
61,0,2,46.92,50.83,79.62,58.2
35,0,2,27.01,54.8,76.93,54.95
22,0,2,16.9,9,75.15,38.88
31,0,2,49.36,30.49,51.76,42.87
26,0,1,56.34,3,52.67,66.4
50,0,2,55.66,66.03,58.35,31.51
25,0,1,28.17,12,59.42,36.58
23,0,1,59.15,6,48.18,50.34
51,0,0,66.86,38.34,41.44,55.9
27,0,2,45.07,10,70.65,43.46
40,0,2,50.93,51.16,60.06,41.12
49,0,2,56.54,41.48,55.84,60.11
38,0,1,66.12,33.53,63.2,52.54
32,0,2,38.18,54.8,74.65,40.46
53,0,1,55.66,38.34,60.47,41.27
71,0,3,60.3,54.59,70.61,37.41
24,0,2,56.34,4,45.93,54.93
49,0,0,62.16,44.71,36.86,36.9
23,0,3,33.8,3,75.15,52.64
19,0,1,60.12,37.39,71.78,44.32
49,0,2,48.12,51.16,51.62,39.01
34,0,2,24.22,66.96,79.22,35.63